-- --------------------------------------------------------
-- Hoszt:                        127.0.0.1
-- Szerver verzió:               8.0.31 - MySQL Community Server - GPL
-- Szerver OS:                   Win64
-- HeidiSQL Verzió:              12.5.0.6685
-- --------------------------------------------------------

/*!40101 SET @OLD_CHARACTER_SET_CLIENT=@@CHARACTER_SET_CLIENT */;
/*!40101 SET NAMES utf8 */;
/*!50503 SET NAMES utf8mb4 */;
/*!40103 SET @OLD_TIME_ZONE=@@TIME_ZONE */;
/*!40103 SET TIME_ZONE='+00:00' */;
/*!40014 SET @OLD_FOREIGN_KEY_CHECKS=@@FOREIGN_KEY_CHECKS, FOREIGN_KEY_CHECKS=0 */;
/*!40101 SET @OLD_SQL_MODE=@@SQL_MODE, SQL_MODE='NO_AUTO_VALUE_ON_ZERO' */;
/*!40111 SET @OLD_SQL_NOTES=@@SQL_NOTES, SQL_NOTES=0 */;


-- Adatbázis struktúra mentése a hq.
DROP DATABASE IF EXISTS `hq`;
CREATE DATABASE IF NOT EXISTS `hq` /*!40100 DEFAULT CHARACTER SET utf8mb4 COLLATE utf8mb4_0900_ai_ci */ /*!80016 DEFAULT ENCRYPTION='N' */;
USE `hq`;

-- Struktúra mentése tábla hq. books
DROP TABLE IF EXISTS `books`;
CREATE TABLE IF NOT EXISTS `books` (
  `id` bigint unsigned NOT NULL AUTO_INCREMENT,
  `title` varchar(191) NOT NULL,
  `author` varchar(191) NOT NULL,
  `image` varchar(191) DEFAULT NULL,
  `created_at` timestamp NULL DEFAULT NULL,
  `updated_at` timestamp NULL DEFAULT NULL,
  `deleted_at` timestamp NULL DEFAULT NULL,
  PRIMARY KEY (`id`)
) ENGINE=InnoDB AUTO_INCREMENT=1003 DEFAULT CHARSET=utf8mb3;

-- Tábla adatainak mentése hq.books: ~1 002 rows (hozzávetőleg)
REPLACE INTO `books` (`id`, `title`, `author`, `image`, `created_at`, `updated_at`) VALUES
	(1, 'Et saepe ex illo aut fugit nam accusantium.', 'Nigel Mertz', NULL, '2023-07-24 04:43:55', '2023-07-28 03:47:27'),
	(2, 'Repellat quasi consectetur maiores quaerat tempora.', 'Kellie Roob', '', '2023-07-24 04:43:55', '2023-07-24 04:43:55'),
	(3, 'Possimus culpa dolor sit sint.', 'Dr. Pamela Gislason', '', '2023-07-24 04:43:55', '2023-07-24 04:43:55'),
	(4, 'Consequatur consequuntur enim ea expedita.', 'Ryann Satterfield', '', '2023-07-24 04:43:55', '2023-07-24 04:43:55'),
	(5, 'Ut qui impedit quis odio sint delectus ut.', 'Carli Parker', '', '2023-07-24 04:43:55', '2023-07-24 04:43:55'),
	(6, 'Suscipit quas fugiat quis odio ut.', 'Johan Runolfsson', '', '2023-07-24 04:43:55', '2023-07-24 04:43:55'),
	(7, 'Corrupti modi aut ipsa voluptas dolorem est placeat.', 'Mr. Cleve Shanahan Jr.', '', '2023-07-24 04:43:55', '2023-07-24 04:43:55'),
	(8, 'Voluptate itaque a officia earum.', 'Maverick DuBuque', '', '2023-07-24 04:43:55', '2023-07-24 04:43:55'),
	(9, 'Minima dolore adipisci adipisci occaecati.', 'Melody Koelpin', '', '2023-07-24 04:43:55', '2023-07-24 04:43:55'),
	(10, 'Sit voluptate est laudantium quo ad.', 'Carlotta Dare', '', '2023-07-24 04:43:55', '2023-07-24 04:43:55'),
	(11, 'Tempora similique ipsum aut maiores voluptas et quia vel.', 'Julius Borer', '', '2023-07-24 04:43:55', '2023-07-24 04:43:55'),
	(12, 'Est facere nihil laboriosam quia quas omnis.', 'Anabelle Lubowitz I', '', '2023-07-24 04:43:55', '2023-07-24 04:43:55'),
	(13, 'Voluptates itaque dolorem in eligendi.', 'Valentine Powlowski Sr.', '', '2023-07-24 04:43:55', '2023-07-24 04:43:55'),
	(14, 'Et et quia suscipit nesciunt iure harum.', 'Myra Bogan', '', '2023-07-24 04:43:55', '2023-07-24 04:43:55'),
	(15, 'Consequatur fugiat et illo quia aut dolorum ipsum odio.', 'Elva Stoltenberg', '', '2023-07-24 04:43:55', '2023-07-24 04:43:55'),
	(16, 'Ex laborum dolor quae adipisci fuga molestias.', 'Prof. Tiara Botsford Sr.', '', '2023-07-24 04:43:55', '2023-07-24 04:43:55'),
	(17, 'Molestias id et nihil hic provident.', 'Mrs. Dana Beahan IV', '', '2023-07-24 04:43:55', '2023-07-24 04:43:55'),
	(18, 'Id beatae voluptate a aspernatur exercitationem voluptate.', 'Lance Bogan', '', '2023-07-24 04:43:55', '2023-07-24 04:43:55'),
	(19, 'Itaque inventore omnis repudiandae fugiat atque exercitationem quae architecto.', 'Lexus Brekke', '', '2023-07-24 04:43:55', '2023-07-24 04:43:55'),
	(20, 'Rerum animi nesciunt hic quia eaque voluptatem eum dicta.', 'Dr. Rosie Howe', '', '2023-07-24 04:43:56', '2023-07-24 04:43:56'),
	(21, 'Praesentium in autem iure illo sed.', 'Cassandre Renner', '', '2023-07-24 04:43:56', '2023-07-24 04:43:56'),
	(22, 'Id aut corrupti cumque quasi blanditiis ipsa rem.', 'Jaquelin Hane', '', '2023-07-24 04:43:56', '2023-07-24 04:43:56'),
	(23, 'Ab distinctio totam provident inventore sint.', 'Layne Mitchell', '', '2023-07-24 04:43:56', '2023-07-24 04:43:56'),
	(24, 'Nam vel voluptatum dolores a.', 'Sofia Swaniawski', '', '2023-07-24 04:43:56', '2023-07-24 04:43:56'),
	(25, 'Pariatur fugit ipsum aut ut consequuntur et rerum eos.', 'Keaton Schuster', '', '2023-07-24 04:43:56', '2023-07-24 04:43:56'),
	(26, 'Eveniet aspernatur numquam tenetur.', 'Kayla Feest DDS', '', '2023-07-24 04:43:56', '2023-07-24 04:43:56'),
	(27, 'Et id et consequatur quidem itaque.', 'Erin Wiza', '', '2023-07-24 04:43:56', '2023-07-24 04:43:56'),
	(28, 'Id tempore non labore.', 'Tamara Lind', '', '2023-07-24 04:43:56', '2023-07-24 04:43:56'),
	(29, 'Fugiat similique cumque aut temporibus tempora eius.', 'Miss Eliza Mraz', '', '2023-07-24 04:43:56', '2023-07-24 04:43:56'),
	(30, 'Sit neque quam quia aspernatur aut et.', 'Bianka Corwin', '', '2023-07-24 04:43:56', '2023-07-24 04:43:56'),
	(31, 'Nobis quibusdam non vel voluptatem quia qui.', 'Demarco Reynolds', '', '2023-07-24 04:43:56', '2023-07-24 04:43:56'),
	(32, 'Rerum rerum dolorem est.', 'Mrs. Marina O\'Reilly PhD', '', '2023-07-24 04:43:56', '2023-07-24 04:43:56'),
	(33, 'Ratione quaerat et est beatae in vero fugit hic.', 'Sterling Stehr', '', '2023-07-24 04:43:56', '2023-07-24 04:43:56'),
	(34, 'Hic dolor eos consectetur mollitia fugit architecto.', 'Carmel Shields', '', '2023-07-24 04:43:56', '2023-07-24 04:43:56'),
	(35, 'Qui possimus commodi est et molestiae non alias.', 'Alvina Carroll', '', '2023-07-24 04:43:56', '2023-07-24 04:43:56'),
	(36, 'Facilis voluptatem animi error rerum laborum.', 'Jamarcus VonRueden II', '', '2023-07-24 04:43:56', '2023-07-24 04:43:56'),
	(37, 'Consequatur dolores architecto amet eaque.', 'Lucy Kub', '', '2023-07-24 04:43:56', '2023-07-24 04:43:56'),
	(38, 'In deleniti iusto recusandae omnis dolore.', 'Melany Wisoky', '', '2023-07-24 04:43:56', '2023-07-24 04:43:56'),
	(39, 'Commodi error ipsa ratione necessitatibus voluptatem aut.', 'Reid Reinger', '', '2023-07-24 04:43:56', '2023-07-24 04:43:56'),
	(40, 'Numquam ipsum molestiae numquam porro ipsam.', 'Dianna Boyle', '', '2023-07-24 04:43:56', '2023-07-24 04:43:56'),
	(41, 'Quod et dolorem et perferendis.', 'Ms. Elouise Wisoky', '', '2023-07-24 04:43:56', '2023-07-24 04:43:56'),
	(42, 'Iusto laboriosam voluptatem tempora eligendi et placeat autem.', 'Price Shields V', '', '2023-07-24 04:43:56', '2023-07-24 04:43:56'),
	(43, 'Inventore ab molestiae totam voluptatum provident enim.', 'Caleb Upton', '', '2023-07-24 04:43:56', '2023-07-24 04:43:56'),
	(44, 'Maiores amet recusandae sint ex.', 'Justyn Thiel', '', '2023-07-24 04:43:56', '2023-07-24 04:43:56'),
	(45, 'Sint quia non ut corporis quasi porro.', 'Mrs. Destiney McDermott DVM', '', '2023-07-24 04:43:56', '2023-07-24 04:43:56'),
	(46, 'Quidem consequatur qui repellendus accusantium dolorem amet deserunt.', 'Dr. Tracey Howe Sr.', '', '2023-07-24 04:43:56', '2023-07-24 04:43:56'),
	(47, 'Nisi fuga quod nostrum est autem.', 'Alfonzo Kerluke', '', '2023-07-24 04:43:56', '2023-07-24 04:43:56'),
	(48, 'Itaque itaque fugit aut modi et totam.', 'Kailyn Kris', '', '2023-07-24 04:43:56', '2023-07-24 04:43:56'),
	(49, 'Ea ab voluptatem cumque omnis corporis aut quo.', 'Winifred O\'Connell III', '', '2023-07-24 04:43:56', '2023-07-24 04:43:56'),
	(50, 'Dolores impedit reprehenderit laboriosam inventore non impedit ad.', 'Jena Streich I', '', '2023-07-24 04:43:56', '2023-07-24 04:43:56'),
	(51, 'Officiis facere in autem accusantium ut pariatur.', 'Ms. Kimberly Cassin', '', '2023-07-24 04:43:56', '2023-07-24 04:43:56'),
	(52, 'Facere magni amet sit quo occaecati.', 'Adeline Roob', '', '2023-07-24 04:43:56', '2023-07-24 04:43:56'),
	(53, 'Ut perspiciatis a facilis sed.', 'Stan Jast', '', '2023-07-24 04:43:56', '2023-07-24 04:43:56'),
	(54, 'Et eos autem asperiores dolor voluptatem rem.', 'Domingo Schroeder', '', '2023-07-24 04:43:56', '2023-07-24 04:43:56'),
	(55, 'Perspiciatis veritatis sint quasi ut aperiam dolorem suscipit.', 'Manuela Crist', '', '2023-07-24 04:43:56', '2023-07-24 04:43:56'),
	(56, 'Vero cumque sit tenetur aliquid.', 'Mr. Eli Abbott', '', '2023-07-24 04:43:56', '2023-07-24 04:43:56'),
	(57, 'Praesentium distinctio molestiae quidem sit corporis quaerat.', 'Toney Franecki', '', '2023-07-24 04:43:56', '2023-07-24 04:43:56'),
	(58, 'Voluptatibus omnis velit ut maxime ut voluptate autem.', 'Roberta Schaden', '', '2023-07-24 04:43:56', '2023-07-24 04:43:56'),
	(59, 'Nihil minus rem voluptas nulla.', 'Joanie Moen', '', '2023-07-24 04:43:56', '2023-07-24 04:43:56'),
	(60, 'Sit consequuntur corporis accusamus reiciendis ut eos consectetur.', 'Madison Kuhn Sr.', '', '2023-07-24 04:43:56', '2023-07-24 04:43:56'),
	(61, 'Molestias deleniti ad sint aut veniam.', 'Prof. Laurianne Jakubowski', '', '2023-07-24 04:43:56', '2023-07-24 04:43:56'),
	(62, 'Dolor ut tenetur eum qui nobis.', 'Dr. Shaina Schulist Jr.', '', '2023-07-24 04:43:56', '2023-07-24 04:43:56'),
	(63, 'Quod in culpa occaecati eos quaerat.', 'Mrs. Vernice Swift', '', '2023-07-24 04:43:56', '2023-07-24 04:43:56'),
	(64, 'Perspiciatis explicabo quisquam quia qui fugiat.', 'Lyric Johnston DDS', '', '2023-07-24 04:43:56', '2023-07-24 04:43:56'),
	(65, 'Eligendi excepturi distinctio fuga omnis veritatis.', 'Dr. Trycia Goldner', '', '2023-07-24 04:43:56', '2023-07-24 04:43:56'),
	(66, 'Et cupiditate est sit.', 'Mrs. Frida Borer V', '', '2023-07-24 04:43:56', '2023-07-24 04:43:56'),
	(67, 'Atque aut delectus dolorem molestiae earum mollitia.', 'Sydney Bode', '', '2023-07-24 04:43:56', '2023-07-24 04:43:56'),
	(68, 'Officia et in nisi at.', 'Beth Cruickshank', '', '2023-07-24 04:43:56', '2023-07-24 04:43:56'),
	(69, 'Laborum vel eius in ut ut provident voluptatem ullam.', 'Prof. Mara Kshlerin', '', '2023-07-24 04:43:56', '2023-07-24 04:43:56'),
	(70, 'Quia mollitia vel et debitis omnis.', 'Prof. Hazle Carter IV', '', '2023-07-24 04:43:56', '2023-07-24 04:43:56'),
	(71, 'Omnis repudiandae recusandae accusantium quis.', 'Arnulfo Cremin', '', '2023-07-24 04:43:56', '2023-07-24 04:43:56'),
	(72, 'Aut officia dignissimos ut quaerat.', 'Elisha Willms', '', '2023-07-24 04:43:56', '2023-07-24 04:43:56'),
	(73, 'Veniam iusto voluptas perferendis et soluta unde est.', 'Effie O\'Conner', '', '2023-07-24 04:43:56', '2023-07-24 04:43:56'),
	(74, 'Ut fuga ullam blanditiis facilis.', 'Harry Fadel', '', '2023-07-24 04:43:56', '2023-07-24 04:43:56'),
	(75, 'Aut dolore dolores amet ad molestiae ab.', 'Maynard Heaney', '', '2023-07-24 04:43:56', '2023-07-24 04:43:56'),
	(76, 'Autem aperiam est perferendis voluptatem aut quia illum praesentium.', 'Colby Von', '', '2023-07-24 04:43:56', '2023-07-24 04:43:56'),
	(77, 'Et consequatur sint doloribus et nam quas hic veniam.', 'Kadin McGlynn', '', '2023-07-24 04:43:56', '2023-07-24 04:43:56'),
	(78, 'Rerum quas dolorum quisquam odio assumenda.', 'Norwood Kihn', '', '2023-07-24 04:43:56', '2023-07-24 04:43:56'),
	(79, 'Sint incidunt iure et aut.', 'Mr. Carter Botsford PhD', '', '2023-07-24 04:43:56', '2023-07-24 04:43:56'),
	(80, 'Accusantium quis reiciendis omnis et provident.', 'Dr. Ian Moore', '', '2023-07-24 04:43:56', '2023-07-24 04:43:56'),
	(81, 'Nihil qui non sit explicabo sunt explicabo voluptatem.', 'Prof. Clotilde Kunze V', '', '2023-07-24 04:43:56', '2023-07-24 04:43:56'),
	(82, 'Repudiandae sit temporibus aspernatur facilis fuga.', 'Kaden Hessel', '', '2023-07-24 04:43:56', '2023-07-24 04:43:56'),
	(83, 'Adipisci quo mollitia voluptas nam iure.', 'Dr. Danika Considine', '', '2023-07-24 04:43:56', '2023-07-24 04:43:56'),
	(84, 'Aut incidunt nihil facere architecto aut ex quas.', 'Isobel Hessel', '', '2023-07-24 04:43:56', '2023-07-24 04:43:56'),
	(85, 'Quas voluptatibus ut et unde optio cumque quidem atque.', 'Josue Weimann', '', '2023-07-24 04:43:56', '2023-07-24 04:43:56'),
	(86, 'Quibusdam dolorum nam culpa est deserunt debitis.', 'Braden Reilly DDS', '', '2023-07-24 04:43:56', '2023-07-24 04:43:56'),
	(87, 'Et sed architecto eum in.', 'Josh Kutch III', '', '2023-07-24 04:43:56', '2023-07-24 04:43:56'),
	(88, 'Quod excepturi molestiae laudantium exercitationem quis nesciunt.', 'Dr. Leland Dare', '', '2023-07-24 04:43:56', '2023-07-24 04:43:56'),
	(89, 'Dolores officia consequatur quam molestiae.', 'Kaylah Medhurst', '', '2023-07-24 04:43:56', '2023-07-24 04:43:56'),
	(90, 'In sed vitae suscipit.', 'Cecile Gutmann', '', '2023-07-24 04:43:56', '2023-07-24 04:43:56'),
	(91, 'Amet distinctio doloribus et rerum amet et.', 'Juston Hyatt', '', '2023-07-24 04:43:56', '2023-07-24 04:43:56'),
	(92, 'Doloribus totam rerum libero temporibus et ab.', 'Nickolas Rice', '', '2023-07-24 04:43:56', '2023-07-24 04:43:56'),
	(93, 'Consequatur ut itaque quos qui.', 'Miss Beth O\'Hara PhD', '', '2023-07-24 04:43:56', '2023-07-24 04:43:56'),
	(94, 'Molestiae corrupti quidem in voluptatum aspernatur.', 'Kennedi Walsh', '', '2023-07-24 04:43:56', '2023-07-24 04:43:56'),
	(95, 'Facilis porro aspernatur excepturi vero tempore ea eius aut.', 'Brandy Reilly', '', '2023-07-24 04:43:56', '2023-07-24 04:43:56'),
	(96, 'Corrupti ullam et sed eum qui sint qui.', 'Kade Thiel', '', '2023-07-24 04:43:56', '2023-07-24 04:43:56'),
	(97, 'Nihil quis minus ipsa laudantium voluptate voluptatibus.', 'Emma Dickinson', '', '2023-07-24 04:43:56', '2023-07-24 04:43:56'),
	(98, 'Aperiam necessitatibus quam deserunt impedit non similique est ea.', 'Prof. Anastasia Metz', '', '2023-07-24 04:43:56', '2023-07-24 04:43:56'),
	(99, 'Laborum fugit maxime asperiores quia quibusdam.', 'Stan Walsh', '', '2023-07-24 04:43:56', '2023-07-24 04:43:56'),
	(100, 'Laborum voluptas deleniti delectus rem quae reiciendis.', 'Nona Hintz', '', '2023-07-24 04:43:56', '2023-07-24 04:43:56'),
	(101, 'Similique rerum aperiam commodi rerum.', 'Alessia Mayer DVM', '', '2023-07-24 04:43:56', '2023-07-24 04:43:56'),
	(102, 'Magnam occaecati corrupti in iure itaque tenetur eum.', 'Gerald Haley', '', '2023-07-24 04:43:56', '2023-07-24 04:43:56'),
	(103, 'Officia dolorum inventore dolore eum.', 'Mr. Erich Hessel DDS', '', '2023-07-24 04:43:56', '2023-07-24 04:43:56'),
	(104, 'Omnis rem consequatur eos.', 'Miss Ana Jacobson', '', '2023-07-24 04:43:56', '2023-07-24 04:43:56'),
	(105, 'Officiis ut autem voluptates et.', 'Ms. Rosalee Tremblay', '', '2023-07-24 04:43:56', '2023-07-24 04:43:56'),
	(106, 'Minus illum et ex dolorum doloremque provident veritatis.', 'Jaycee Vandervort', '', '2023-07-24 04:43:56', '2023-07-24 04:43:56'),
	(107, 'Ea tempore et totam et nihil sunt recusandae in.', 'Kacie Feest', '', '2023-07-24 04:43:56', '2023-07-24 04:43:56'),
	(108, 'Nisi facere quo in sint dicta necessitatibus voluptates.', 'Kari Skiles', '', '2023-07-24 04:43:56', '2023-07-24 04:43:56'),
	(109, 'Voluptatibus doloremque et quaerat eveniet beatae voluptas dolorum.', 'Deanna Braun', '', '2023-07-24 04:43:56', '2023-07-24 04:43:56'),
	(110, 'Sunt iure fugit dolorum.', 'Zoila Schuppe', '', '2023-07-24 04:43:56', '2023-07-24 04:43:56'),
	(111, 'Culpa voluptatem quia iste voluptatum et et.', 'Fay Wisoky', '', '2023-07-24 04:43:56', '2023-07-24 04:43:56'),
	(112, 'Molestias quisquam voluptas aut voluptatibus nobis dicta error.', 'Raven Dickinson', '', '2023-07-24 04:43:56', '2023-07-24 04:43:56'),
	(113, 'Occaecati eum eos quae dolor eos.', 'Prof. Alta Parker V', '', '2023-07-24 04:43:56', '2023-07-24 04:43:56'),
	(114, 'Impedit in sapiente qui consequatur quas aut.', 'Orie Reinger', '', '2023-07-24 04:43:56', '2023-07-24 04:43:56'),
	(115, 'Itaque inventore cupiditate eaque reiciendis mollitia.', 'Mr. Fredy Boyer DDS', '', '2023-07-24 04:43:56', '2023-07-24 04:43:56'),
	(116, 'Ducimus rerum unde dolorem molestiae eligendi.', 'Gregoria Monahan', '', '2023-07-24 04:43:56', '2023-07-24 04:43:56'),
	(117, 'Animi quo exercitationem ea tenetur sequi sunt et quis.', 'Ms. Cydney Johns Jr.', '', '2023-07-24 04:43:56', '2023-07-24 04:43:56'),
	(118, 'Ut molestias qui cum.', 'Everette Blick V', '', '2023-07-24 04:43:56', '2023-07-24 04:43:56'),
	(119, 'Velit minus iste quia quidem.', 'Maybelle Leffler', '', '2023-07-24 04:43:56', '2023-07-24 04:43:56'),
	(120, 'Facere dolor natus maiores.', 'Malika Okuneva', '', '2023-07-24 04:43:56', '2023-07-24 04:43:56'),
	(121, 'Facere alias omnis et.', 'Malachi Shanahan', '', '2023-07-24 04:43:56', '2023-07-24 04:43:56'),
	(122, 'Recusandae placeat et eos sit consequatur.', 'Henry Muller', '', '2023-07-24 04:43:56', '2023-07-24 04:43:56'),
	(123, 'Necessitatibus rerum necessitatibus similique enim suscipit rerum ut et.', 'Jewell Deckow', '', '2023-07-24 04:43:56', '2023-07-24 04:43:56'),
	(124, 'Sed neque fugiat sint explicabo assumenda officia porro.', 'Jane Sporer', '', '2023-07-24 04:43:56', '2023-07-24 04:43:56'),
	(125, 'Explicabo deleniti est et non dolorum incidunt error.', 'Orville Howe', '', '2023-07-24 04:43:56', '2023-07-24 04:43:56'),
	(126, 'Expedita sunt cupiditate modi autem consectetur quo quidem animi.', 'Carrie Toy', '', '2023-07-24 04:43:56', '2023-07-24 04:43:56'),
	(127, 'Et doloremque est delectus molestiae rerum.', 'Prof. Wilfrid Miller V', '', '2023-07-24 04:43:56', '2023-07-24 04:43:56'),
	(128, 'Tempora cum id quos earum id id.', 'Malachi Jacobson', '', '2023-07-24 04:43:56', '2023-07-24 04:43:56'),
	(129, 'A ex enim ut harum excepturi laudantium.', 'Marilie Fritsch', '', '2023-07-24 04:43:56', '2023-07-24 04:43:56'),
	(130, 'Alias tempore odio tempore odit ut non.', 'Kirstin Schumm', '', '2023-07-24 04:43:56', '2023-07-24 04:43:56'),
	(131, 'Eos esse officia aliquid sit autem sed magni.', 'Adelbert Upton', '', '2023-07-24 04:43:56', '2023-07-24 04:43:56'),
	(132, 'Aut expedita in adipisci voluptates inventore.', 'Craig Bogisich', '', '2023-07-24 04:43:56', '2023-07-24 04:43:56'),
	(133, 'Voluptatem omnis sunt ratione minima laudantium labore.', 'Lorenza Dickinson', '', '2023-07-24 04:43:56', '2023-07-24 04:43:56'),
	(134, 'Et vel vel error vero unde ipsa quis.', 'Evan Hintz', '', '2023-07-24 04:43:56', '2023-07-24 04:43:56'),
	(135, 'Ut voluptas doloribus explicabo aliquid rerum.', 'Rhoda Hand', '', '2023-07-24 04:43:56', '2023-07-24 04:43:56'),
	(136, 'Enim tempore reiciendis occaecati sequi.', 'Rose Olson DVM', '', '2023-07-24 04:43:56', '2023-07-24 04:43:56'),
	(137, 'Molestias consequatur non accusantium velit ad.', 'Alva Pouros', '', '2023-07-24 04:43:56', '2023-07-24 04:43:56'),
	(138, 'Ut sapiente ut eos.', 'Brenden Heathcote', '', '2023-07-24 04:43:56', '2023-07-24 04:43:56'),
	(139, 'Rerum sed voluptatem explicabo sed itaque ut.', 'Erik Terry PhD', '', '2023-07-24 04:43:56', '2023-07-24 04:43:56'),
	(140, 'Corporis temporibus nulla velit.', 'Jed Collins PhD', '', '2023-07-24 04:43:56', '2023-07-24 04:43:56'),
	(141, 'Consequatur quibusdam ipsam est aut expedita enim dolorem distinctio.', 'Ashtyn Gleason', '', '2023-07-24 04:43:56', '2023-07-24 04:43:56'),
	(142, 'Commodi aliquid quae ut neque.', 'Sheridan Boyle', '', '2023-07-24 04:43:56', '2023-07-24 04:43:56'),
	(143, 'Tempora possimus nobis rem fuga delectus hic impedit.', 'Santina Larson', '', '2023-07-24 04:43:56', '2023-07-24 04:43:56'),
	(144, 'Repudiandae aut quo nemo dicta a.', 'Jessika White DDS', '', '2023-07-24 04:43:56', '2023-07-24 04:43:56'),
	(145, 'Amet vitae quis consequuntur eum quo itaque optio.', 'Bell Lebsack', '', '2023-07-24 04:43:56', '2023-07-24 04:43:56'),
	(146, 'Recusandae in molestiae ipsum cum.', 'Marshall McKenzie', '', '2023-07-24 04:43:56', '2023-07-24 04:43:56'),
	(147, 'Vel occaecati qui aut repudiandae.', 'Ardith Bernhard', '', '2023-07-24 04:43:56', '2023-07-24 04:43:56'),
	(148, 'Expedita nulla ipsa consectetur ut sed illum.', 'Prof. Tatyana Murazik III', '', '2023-07-24 04:43:56', '2023-07-24 04:43:56'),
	(149, 'Et possimus et tempore tempore.', 'Giles Kerluke', '', '2023-07-24 04:43:56', '2023-07-24 04:43:56'),
	(150, 'Ullam qui est error perferendis.', 'Hollis Funk', '', '2023-07-24 04:43:56', '2023-07-24 04:43:56'),
	(151, 'Alias ad cum tempore facilis voluptatem.', 'Mr. Rigoberto Ferry', '', '2023-07-24 04:43:56', '2023-07-24 04:43:56'),
	(152, 'Delectus quo omnis exercitationem totam id et.', 'Damon Denesik', '', '2023-07-24 04:43:56', '2023-07-24 04:43:56'),
	(153, 'Alias corporis omnis nisi maiores.', 'Lola Dickinson', '', '2023-07-24 04:43:56', '2023-07-24 04:43:56'),
	(154, 'Sunt reprehenderit dicta hic qui necessitatibus.', 'Dr. Lonny Schaden II', '', '2023-07-24 04:43:56', '2023-07-24 04:43:56'),
	(155, 'Quia autem nobis totam.', 'Ophelia Conroy', '', '2023-07-24 04:43:56', '2023-07-24 04:43:56'),
	(156, 'Est voluptatem cum maxime natus qui necessitatibus.', 'Marjory Stanton', '', '2023-07-24 04:43:56', '2023-07-24 04:43:56'),
	(157, 'Dolores sed sint accusantium praesentium ipsum.', 'Jackson Hills Sr.', '', '2023-07-24 04:43:56', '2023-07-24 04:43:56'),
	(158, 'Aut sed veritatis occaecati asperiores.', 'Laurianne Ondricka', '', '2023-07-24 04:43:56', '2023-07-24 04:43:56'),
	(159, 'Sunt exercitationem ut sed autem facere facere iusto.', 'Luis Armstrong', '', '2023-07-24 04:43:56', '2023-07-24 04:43:56'),
	(160, 'Et ea voluptas fugiat harum voluptatem.', 'Alexandrine Ondricka', '', '2023-07-24 04:43:56', '2023-07-24 04:43:56'),
	(161, 'Minima aspernatur officia perferendis.', 'Christelle King DVM', '', '2023-07-24 04:43:56', '2023-07-24 04:43:56'),
	(162, 'Est rerum aliquid laboriosam vel laudantium porro.', 'Mr. Turner Wisoky', '', '2023-07-24 04:43:56', '2023-07-24 04:43:56'),
	(163, 'Laborum asperiores non ea voluptatem quis qui aut.', 'Kyleigh Schroeder', '', '2023-07-24 04:43:56', '2023-07-24 04:43:56'),
	(164, 'Odio nemo minus ut impedit quis.', 'Kris Davis', '', '2023-07-24 04:43:56', '2023-07-24 04:43:56'),
	(165, 'Autem excepturi dolores eos consequatur quia beatae accusamus.', 'Gonzalo Mills', '', '2023-07-24 04:43:56', '2023-07-24 04:43:56'),
	(166, 'Quibusdam magnam consequatur quaerat sunt.', 'Emmett Hammes', '', '2023-07-24 04:43:56', '2023-07-24 04:43:56'),
	(167, 'Et rerum veritatis vitae veniam harum et.', 'Ms. Vida Dibbert', '', '2023-07-24 04:43:56', '2023-07-24 04:43:56'),
	(168, 'Delectus cum perferendis quae sed architecto officia natus nesciunt.', 'Kareem Schoen', '', '2023-07-24 04:43:56', '2023-07-24 04:43:56'),
	(169, 'Quia id velit nesciunt accusamus iste.', 'Prof. Geo Gleason DVM', '', '2023-07-24 04:43:56', '2023-07-24 04:43:56'),
	(170, 'Voluptates ut dignissimos dolore voluptas deserunt et id.', 'Justen Adams', '', '2023-07-24 04:43:56', '2023-07-24 04:43:56'),
	(171, 'Quibusdam magni voluptas voluptas.', 'Assunta O\'Connell', '', '2023-07-24 04:43:56', '2023-07-24 04:43:56'),
	(172, 'Minus sit ipsa sunt nulla voluptatum.', 'Miss Corene Harber IV', '', '2023-07-24 04:43:56', '2023-07-24 04:43:56'),
	(173, 'Tenetur nobis recusandae perspiciatis vitae quae vitae molestias.', 'Mr. Oran Barton V', '', '2023-07-24 04:43:56', '2023-07-24 04:43:56'),
	(174, 'Provident aut quo et tempora et et.', 'Prof. Zella Schinner', '', '2023-07-24 04:43:56', '2023-07-24 04:43:56'),
	(175, 'Aspernatur odio voluptas non iusto ut rerum.', 'Gabrielle Lowe', '', '2023-07-24 04:43:56', '2023-07-24 04:43:56'),
	(176, 'Sapiente minima delectus ut beatae impedit ut.', 'Aiyana Lehner', '', '2023-07-24 04:43:56', '2023-07-24 04:43:56'),
	(177, 'Saepe iste fugit placeat sequi molestias eligendi.', 'Mr. Laverna Reynolds', '', '2023-07-24 04:43:56', '2023-07-24 04:43:56'),
	(178, 'Consequatur repudiandae autem iure officia eos.', 'Celine Feeney', '', '2023-07-24 04:43:56', '2023-07-24 04:43:56'),
	(179, 'Odio similique voluptate nam reiciendis pariatur quod.', 'Prof. Shawn Beier MD', '', '2023-07-24 04:43:56', '2023-07-24 04:43:56'),
	(180, 'Eaque omnis dolorum est eum nobis.', 'Ms. Julianne Simonis', '', '2023-07-24 04:43:56', '2023-07-24 04:43:56'),
	(181, 'Autem sint autem ducimus totam aut deserunt.', 'Beulah Cassin', '', '2023-07-24 04:43:57', '2023-07-24 04:43:57'),
	(182, 'Saepe corporis harum quam.', 'Miss Christelle Kertzmann MD', '', '2023-07-24 04:43:57', '2023-07-24 04:43:57'),
	(183, 'Modi officia ea praesentium earum eligendi magnam.', 'Oliver Watsica', '', '2023-07-24 04:43:57', '2023-07-24 04:43:57'),
	(184, 'Est praesentium voluptas voluptate temporibus sed assumenda.', 'Chance Blick II', '', '2023-07-24 04:43:57', '2023-07-24 04:43:57'),
	(185, 'Ipsum voluptatem commodi pariatur quos et culpa soluta.', 'Belle Dach', '', '2023-07-24 04:43:57', '2023-07-24 04:43:57'),
	(186, 'Minima in consequuntur sapiente facere rem nostrum culpa.', 'Nathanial Conroy', '', '2023-07-24 04:43:57', '2023-07-24 04:43:57'),
	(187, 'Eum culpa numquam eligendi voluptatem dignissimos sit hic.', 'Dr. Belle Farrell DVM', '', '2023-07-24 04:43:57', '2023-07-24 04:43:57'),
	(188, 'Impedit pariatur quo sit magni qui doloribus consequatur.', 'Robert Nolan', '', '2023-07-24 04:43:57', '2023-07-24 04:43:57'),
	(189, 'Quis qui expedita non in.', 'Dr. Wyatt Stokes V', '', '2023-07-24 04:43:57', '2023-07-24 04:43:57'),
	(190, 'Odio laborum error voluptas alias et voluptas.', 'Gabriella Marvin DVM', '', '2023-07-24 04:43:57', '2023-07-24 04:43:57'),
	(191, 'Dignissimos omnis fugiat voluptatem officiis.', 'Geraldine Medhurst', '', '2023-07-24 04:43:57', '2023-07-24 04:43:57'),
	(192, 'Est quis voluptate et.', 'Justina Spinka', '', '2023-07-24 04:43:57', '2023-07-24 04:43:57'),
	(193, 'Eos omnis ratione id consequatur enim placeat ab odit.', 'Gabriel Larkin', '', '2023-07-24 04:43:57', '2023-07-24 04:43:57'),
	(194, 'Voluptate sunt laboriosam earum eum dolorem.', 'Daren Kutch DDS', '', '2023-07-24 04:43:57', '2023-07-24 04:43:57'),
	(195, 'Adipisci nobis tenetur hic quia optio autem.', 'Miss Katlyn Rau', '', '2023-07-24 04:43:57', '2023-07-24 04:43:57'),
	(196, 'Debitis asperiores sint eos molestiae qui assumenda numquam.', 'Nathen Hayes', '', '2023-07-24 04:43:57', '2023-07-24 04:43:57'),
	(197, 'Sed et nesciunt nesciunt est pariatur quibusdam impedit.', 'Drake Medhurst', '', '2023-07-24 04:43:57', '2023-07-24 04:43:57'),
	(198, 'Suscipit placeat pariatur voluptas architecto corporis odit.', 'Garret Turner', '', '2023-07-24 04:43:57', '2023-07-24 04:43:57'),
	(199, 'Sit modi dolore adipisci blanditiis.', 'Madonna Stracke', '', '2023-07-24 04:43:57', '2023-07-24 04:43:57'),
	(200, 'Sint facilis maxime quaerat culpa et porro est.', 'Dr. Susie Mosciski V', '', '2023-07-24 04:43:57', '2023-07-24 04:43:57'),
	(201, 'Ipsum aut autem molestias maxime accusamus dolores.', 'Noemi Walsh', '', '2023-07-24 04:43:57', '2023-07-24 04:43:57'),
	(202, 'Fuga id inventore velit saepe.', 'Amiya Satterfield PhD', '', '2023-07-24 04:43:57', '2023-07-24 04:43:57'),
	(203, 'Similique asperiores voluptatem est rerum.', 'Curt Ryan', '', '2023-07-24 04:43:57', '2023-07-24 04:43:57'),
	(204, 'Odit corrupti recusandae ipsam consequatur.', 'Jasper Monahan', '', '2023-07-24 04:43:57', '2023-07-24 04:43:57'),
	(205, 'Sit rerum doloremque nulla corporis delectus soluta quis temporibus.', 'Dr. Michele Haag Sr.', '', '2023-07-24 04:43:57', '2023-07-24 04:43:57'),
	(206, 'Modi et fugiat dolor similique voluptatem nisi est.', 'Brielle Prohaska', '', '2023-07-24 04:43:57', '2023-07-24 04:43:57'),
	(207, 'Nesciunt odit et ex modi.', 'Dorthy Shields', '', '2023-07-24 04:43:57', '2023-07-24 04:43:57'),
	(208, 'Aperiam et fugiat vel accusantium veritatis quasi.', 'Clement Conn', '', '2023-07-24 04:43:57', '2023-07-24 04:43:57'),
	(209, 'Molestiae quibusdam aut numquam accusamus sapiente asperiores.', 'Mr. Jovanny Lubowitz MD', '', '2023-07-24 04:43:57', '2023-07-24 04:43:57'),
	(210, 'Qui id et beatae itaque porro sed.', 'Henri Halvorson', '', '2023-07-24 04:43:57', '2023-07-24 04:43:57'),
	(211, 'Autem aliquam error dolorem aut et.', 'Wilfred Stamm', '', '2023-07-24 04:43:57', '2023-07-24 04:43:57'),
	(212, 'Eius quod doloribus occaecati placeat alias vel et.', 'Winnifred Rodriguez', '', '2023-07-24 04:43:57', '2023-07-24 04:43:57'),
	(213, 'Ut id laboriosam mollitia consequuntur.', 'Dr. Nasir Heaney', '', '2023-07-24 04:43:57', '2023-07-24 04:43:57'),
	(214, 'Totam repellendus culpa aspernatur eligendi at numquam rem.', 'Charlotte Ernser', '', '2023-07-24 04:43:57', '2023-07-24 04:43:57'),
	(215, 'Quod inventore ea quaerat.', 'Adah Hauck', '', '2023-07-24 04:43:57', '2023-07-24 04:43:57'),
	(216, 'Sed quod recusandae et aut magnam.', 'Prof. Damon Kiehn', '', '2023-07-24 04:43:57', '2023-07-24 04:43:57'),
	(217, 'Qui laborum magnam dolorum consequatur sed officia.', 'Adelle Kunze', '', '2023-07-24 04:43:57', '2023-07-24 04:43:57'),
	(218, 'Totam ut repudiandae ipsa asperiores.', 'Enrique Huel II', '', '2023-07-24 04:43:57', '2023-07-24 04:43:57'),
	(219, 'Officiis praesentium blanditiis laudantium repellat quo id aut.', 'Dock Pfeffer', '', '2023-07-24 04:43:57', '2023-07-24 04:43:57'),
	(220, 'Odio beatae a asperiores repudiandae.', 'Florencio Stamm', '', '2023-07-24 04:43:57', '2023-07-24 04:43:57'),
	(221, 'Atque nostrum iste unde in.', 'Mr. Louisa Paucek DDS', '', '2023-07-24 04:43:57', '2023-07-24 04:43:57'),
	(222, 'Ratione repudiandae cumque omnis aut.', 'Jada Langosh', '', '2023-07-24 04:43:57', '2023-07-24 04:43:57'),
	(223, 'Quo quaerat sint praesentium ut assumenda saepe enim.', 'Millie Leuschke IV', '', '2023-07-24 04:43:57', '2023-07-24 04:43:57'),
	(224, 'Earum aut esse ad ea.', 'Daphney Schiller', '', '2023-07-24 04:43:57', '2023-07-24 04:43:57'),
	(225, 'Sit dolores nostrum sunt consequatur totam sapiente.', 'Darian Wolf', '', '2023-07-24 04:43:57', '2023-07-24 04:43:57'),
	(226, 'Deleniti provident inventore laudantium.', 'Ollie Effertz V', '', '2023-07-24 04:43:57', '2023-07-24 04:43:57'),
	(227, 'Sunt voluptate tempora ut rerum et corporis.', 'Hope Macejkovic', '', '2023-07-24 04:43:57', '2023-07-24 04:43:57'),
	(228, 'Odit modi placeat dolorem enim consequatur neque maiores explicabo.', 'Maud McGlynn I', '', '2023-07-24 04:43:57', '2023-07-24 04:43:57'),
	(229, 'Qui nemo minus voluptatem voluptatem quibusdam sit dolor.', 'Abigale Fisher Jr.', '', '2023-07-24 04:43:57', '2023-07-24 04:43:57'),
	(230, 'Facilis incidunt ad rem qui nam sit doloremque.', 'Sabina Hill', '', '2023-07-24 04:43:57', '2023-07-24 04:43:57'),
	(231, 'Voluptates quasi veritatis omnis quo.', 'Macy Keeling', '', '2023-07-24 04:43:57', '2023-07-24 04:43:57'),
	(232, 'Officiis sunt qui porro modi inventore.', 'Brett Corwin', '', '2023-07-24 04:43:57', '2023-07-24 04:43:57'),
	(233, 'Quia quos ut aperiam similique voluptatem quibusdam non.', 'Isobel Keeling', '', '2023-07-24 04:43:57', '2023-07-24 04:43:57'),
	(234, 'Nihil ipsam qui est.', 'Irma Stehr', '', '2023-07-24 04:43:57', '2023-07-24 04:43:57'),
	(235, 'Officia et cumque ipsa odio deserunt nihil sit.', 'Amani Shanahan', '', '2023-07-24 04:43:57', '2023-07-24 04:43:57'),
	(236, 'Omnis fugiat iure ab optio aliquid.', 'Zachery Prosacco', '', '2023-07-24 04:43:57', '2023-07-24 04:43:57'),
	(237, 'Itaque aut quae molestiae.', 'Vivianne Wuckert PhD', '', '2023-07-24 04:43:57', '2023-07-24 04:43:57'),
	(238, 'Dolorem molestiae deleniti laboriosam ad mollitia molestiae.', 'Ramiro Abshire III', '', '2023-07-24 04:43:57', '2023-07-24 04:43:57'),
	(239, 'Dolor quod amet quos sit quisquam sunt amet.', 'Marquis Doyle', '', '2023-07-24 04:43:57', '2023-07-24 04:43:57'),
	(240, 'Rerum dolore consectetur sunt autem sint iusto.', 'Cleve Zulauf', '', '2023-07-24 04:43:57', '2023-07-24 04:43:57'),
	(241, 'Cupiditate iste consequatur sit.', 'Kenyon Grady', '', '2023-07-24 04:43:57', '2023-07-24 04:43:57'),
	(242, 'Quas et quasi impedit sed corrupti non.', 'Ericka Marquardt', '', '2023-07-24 04:43:57', '2023-07-24 04:43:57'),
	(243, 'Ducimus iste architecto est qui pariatur voluptatem.', 'Edwina Keebler', '', '2023-07-24 04:43:57', '2023-07-24 04:43:57'),
	(244, 'Doloremque qui atque ullam atque.', 'Leanne Wiegand', '', '2023-07-24 04:43:57', '2023-07-24 04:43:57'),
	(245, 'Ut sed eos rerum deleniti reiciendis explicabo unde.', 'Vivienne Schultz', '', '2023-07-24 04:43:57', '2023-07-24 04:43:57'),
	(246, 'Sunt ipsa est sed et perferendis minima.', 'Camylle Beier', '', '2023-07-24 04:43:57', '2023-07-24 04:43:57'),
	(247, 'Doloribus et doloremque recusandae voluptas.', 'Libbie Rempel', '', '2023-07-24 04:43:57', '2023-07-24 04:43:57'),
	(248, 'Perspiciatis non deleniti necessitatibus.', 'Mr. Hayden Price II', '', '2023-07-24 04:43:57', '2023-07-24 04:43:57'),
	(249, 'Eius qui culpa enim explicabo dolorem nam molestiae.', 'Judson Kulas', '', '2023-07-24 04:43:57', '2023-07-24 04:43:57'),
	(250, 'Reiciendis nemo ea veritatis expedita reiciendis natus.', 'Mrs. Allison Brown', '', '2023-07-24 04:43:57', '2023-07-24 04:43:57'),
	(251, 'Maiores fugiat rerum minus dicta id quis ab eligendi.', 'Hilario Walsh', '', '2023-07-24 04:43:57', '2023-07-24 04:43:57'),
	(252, 'Culpa rerum deleniti et.', 'Paris King', '', '2023-07-24 04:43:57', '2023-07-24 04:43:57'),
	(253, 'Quia sequi aut ut autem pariatur et.', 'Travon Volkman', '', '2023-07-24 04:43:57', '2023-07-24 04:43:57'),
	(254, 'Est rem ipsa omnis dolorum deleniti molestias.', 'Richie Bogan', '', '2023-07-24 04:43:57', '2023-07-24 04:43:57'),
	(255, 'Deserunt ipsum ipsum eum neque.', 'Molly Volkman I', '', '2023-07-24 04:43:57', '2023-07-24 04:43:57'),
	(256, 'Dolor cumque sequi repellendus eius libero iusto.', 'Donnie Collins', '', '2023-07-24 04:43:57', '2023-07-24 04:43:57'),
	(257, 'Recusandae maiores quos vitae itaque sequi eos commodi et.', 'Marilou Balistreri', '', '2023-07-24 04:43:57', '2023-07-24 04:43:57'),
	(258, 'Placeat et ut tempore quia porro.', 'Ellie Konopelski', '', '2023-07-24 04:43:57', '2023-07-24 04:43:57'),
	(259, 'Velit repudiandae ducimus non suscipit sed vel et.', 'Mrs. Kiana Ernser', '', '2023-07-24 04:43:57', '2023-07-24 04:43:57'),
	(260, 'Rem quos animi eum repudiandae amet amet.', 'Della Blick', '', '2023-07-24 04:43:57', '2023-07-24 04:43:57'),
	(261, 'Quaerat facere blanditiis deleniti ut sapiente et ut non.', 'Miss Maude Kshlerin DVM', '', '2023-07-24 04:43:57', '2023-07-24 04:43:57'),
	(262, 'Sit voluptas nulla iusto in eligendi neque in quia.', 'Talon Schneider', '', '2023-07-24 04:43:57', '2023-07-24 04:43:57'),
	(263, 'Eos consequatur hic qui.', 'Felton Boehm', '', '2023-07-24 04:43:57', '2023-07-24 04:43:57'),
	(264, 'Sit aspernatur adipisci vel atque.', 'Prof. Valerie Bayer', '', '2023-07-24 04:43:57', '2023-07-24 04:43:57'),
	(265, 'Ea sit quo ipsum.', 'Alia Satterfield PhD', '', '2023-07-24 04:43:57', '2023-07-24 04:43:57'),
	(266, 'Illo earum sunt alias ab velit aut.', 'Destany Champlin', '', '2023-07-24 04:43:57', '2023-07-24 04:43:57'),
	(267, 'Adipisci aut aut voluptatibus impedit et.', 'Elizabeth Schowalter', '', '2023-07-24 04:43:57', '2023-07-24 04:43:57'),
	(268, 'Et in laudantium suscipit in minima occaecati totam.', 'Dr. Gilbert Harvey MD', '', '2023-07-24 04:43:57', '2023-07-24 04:43:57'),
	(269, 'Nulla quaerat et voluptas esse.', 'Nels Jerde', '', '2023-07-24 04:43:57', '2023-07-24 04:43:57'),
	(270, 'Earum non sapiente provident.', 'Bianka Grimes V', '', '2023-07-24 04:43:57', '2023-07-24 04:43:57'),
	(271, 'Hic aspernatur pariatur dignissimos veritatis.', 'Cierra Von Sr.', '', '2023-07-24 04:43:57', '2023-07-24 04:43:57'),
	(272, 'Deserunt molestiae quaerat veritatis blanditiis voluptatem exercitationem.', 'Prof. Moses Sawayn V', '', '2023-07-24 04:43:57', '2023-07-24 04:43:57'),
	(273, 'Repudiandae quam ex voluptatibus nulla.', 'Robert Stroman', '', '2023-07-24 04:43:57', '2023-07-24 04:43:57'),
	(274, 'Error maiores adipisci id praesentium aut.', 'Clovis Mosciski', '', '2023-07-24 04:43:57', '2023-07-24 04:43:57'),
	(275, 'Delectus enim mollitia ad ab incidunt similique.', 'Vaughn Parker', '', '2023-07-24 04:43:57', '2023-07-24 04:43:57'),
	(276, 'Aut error hic itaque voluptatem sit vitae velit.', 'Deven Fritsch', '', '2023-07-24 04:43:57', '2023-07-24 04:43:57'),
	(277, 'Sint omnis voluptate atque nesciunt non.', 'Keeley DuBuque', '', '2023-07-24 04:43:57', '2023-07-24 04:43:57'),
	(278, 'Quia quo dolor aspernatur ut quis quaerat totam.', 'Javier Powlowski', '', '2023-07-24 04:43:57', '2023-07-24 04:43:57'),
	(279, 'Autem et labore non aut neque tempora.', 'Prof. Reyes Pollich', '', '2023-07-24 04:43:57', '2023-07-24 04:43:57'),
	(280, 'Est deserunt eligendi assumenda.', 'Lawson Kunze', '', '2023-07-24 04:43:57', '2023-07-24 04:43:57'),
	(281, 'Eius quidem voluptatum omnis aut eveniet laudantium.', 'Dr. Verna Conn IV', '', '2023-07-24 04:43:57', '2023-07-24 04:43:57'),
	(282, 'Quia qui omnis sunt in id.', 'Lenore Effertz', '', '2023-07-24 04:43:57', '2023-07-24 04:43:57'),
	(283, 'Et natus beatae deleniti voluptas ut dolores.', 'Mallie O\'Keefe I', '', '2023-07-24 04:43:57', '2023-07-24 04:43:57'),
	(284, 'Et molestiae enim enim quidem molestiae ut repellendus.', 'Prof. Salma Bosco', '', '2023-07-24 04:43:57', '2023-07-24 04:43:57'),
	(285, 'Enim illo quisquam excepturi sit ea nihil sunt.', 'Prof. Katlynn Boyer Jr.', '', '2023-07-24 04:43:57', '2023-07-24 04:43:57'),
	(286, 'Distinctio quasi numquam quibusdam voluptatem voluptatem molestias reprehenderit.', 'Dr. Rocio Hagenes', '', '2023-07-24 04:43:57', '2023-07-24 04:43:57'),
	(287, 'Quod dolore aut veritatis quia id est corrupti.', 'Mr. Charlie Daniel IV', '', '2023-07-24 04:43:57', '2023-07-24 04:43:57'),
	(288, 'Consequatur aut aut dolores distinctio omnis autem.', 'Buddy Pacocha', '', '2023-07-24 04:43:57', '2023-07-24 04:43:57'),
	(289, 'Atque aut totam omnis assumenda et et.', 'Dr. Reese Hayes', '', '2023-07-24 04:43:57', '2023-07-24 04:43:57'),
	(290, 'Facere occaecati aliquid odit.', 'Tianna Cole', '', '2023-07-24 04:43:57', '2023-07-24 04:43:57'),
	(291, 'Placeat eum quod eligendi magni commodi cupiditate.', 'Dr. Katelynn Berge', '', '2023-07-24 04:43:57', '2023-07-24 04:43:57'),
	(292, 'Dolorem amet quasi blanditiis veniam eum expedita ut.', 'Ms. Carolanne Terry', '', '2023-07-24 04:43:57', '2023-07-24 04:43:57'),
	(293, 'Expedita occaecati veritatis eos beatae est corrupti.', 'Daphne Ledner DDS', '', '2023-07-24 04:43:57', '2023-07-24 04:43:57'),
	(294, 'Ducimus eaque omnis nisi nam in aut.', 'Dr. Estelle Walter', '', '2023-07-24 04:43:57', '2023-07-24 04:43:57'),
	(295, 'Sunt animi id impedit quaerat.', 'Eva Flatley I', '', '2023-07-24 04:43:57', '2023-07-24 04:43:57'),
	(296, 'Necessitatibus aut omnis dolores molestiae harum debitis labore.', 'Luther Hudson', '', '2023-07-24 04:43:57', '2023-07-24 04:43:57'),
	(297, 'Quo voluptates architecto beatae excepturi nulla.', 'Mr. Mac Nolan', '', '2023-07-24 04:43:57', '2023-07-24 04:43:57'),
	(298, 'Est impedit cum corporis dolorem consequatur.', 'Effie King', '', '2023-07-24 04:43:57', '2023-07-24 04:43:57'),
	(299, 'Veritatis et provident nemo non deleniti autem.', 'Kip Armstrong', '', '2023-07-24 04:43:57', '2023-07-24 04:43:57'),
	(300, 'Quis similique ratione assumenda mollitia.', 'Giovanni Mohr', '', '2023-07-24 04:43:57', '2023-07-24 04:43:57'),
	(301, 'Saepe ut eos perferendis reprehenderit qui velit.', 'Alexie Herman', '', '2023-07-24 04:43:57', '2023-07-24 04:43:57'),
	(302, 'Animi sunt dolor consequatur aut.', 'Monty Wisoky', '', '2023-07-24 04:43:57', '2023-07-24 04:43:57'),
	(303, 'Temporibus voluptas dicta perferendis.', 'Ms. Marianna Conn', '', '2023-07-24 04:43:57', '2023-07-24 04:43:57'),
	(304, 'Provident dignissimos vel quisquam minus voluptas.', 'Judy Rosenbaum', '', '2023-07-24 04:43:57', '2023-07-24 04:43:57'),
	(305, 'Architecto magni eveniet omnis velit magni.', 'Stacy Dare DVM', '', '2023-07-24 04:43:57', '2023-07-24 04:43:57'),
	(306, 'Maiores facilis rerum labore ut ipsa voluptas est.', 'Jaeden Frami MD', '', '2023-07-24 04:43:57', '2023-07-24 04:43:57'),
	(307, 'Placeat quam minima quibusdam earum et.', 'Ariane Becker', '', '2023-07-24 04:43:57', '2023-07-24 04:43:57'),
	(308, 'Commodi nobis nostrum exercitationem fuga.', 'Mr. Hank Stoltenberg I', '', '2023-07-24 04:43:57', '2023-07-24 04:43:57'),
	(309, 'Voluptatem cumque voluptas qui consequatur.', 'Marina Bechtelar', '', '2023-07-24 04:43:57', '2023-07-24 04:43:57'),
	(310, 'Placeat sint quo molestias qui.', 'Margarett Hahn', '', '2023-07-24 04:43:57', '2023-07-24 04:43:57'),
	(311, 'Commodi repudiandae incidunt praesentium sit sint.', 'Walker Batz II', '', '2023-07-24 04:43:57', '2023-07-24 04:43:57'),
	(312, 'Officia atque sunt est nesciunt quis accusantium quia amet.', 'Percival Morar', '', '2023-07-24 04:43:57', '2023-07-24 04:43:57'),
	(313, 'Rerum tempore ex saepe odit occaecati sit aut.', 'Mrs. Jaunita Hintz', '', '2023-07-24 04:43:57', '2023-07-24 04:43:57'),
	(314, 'Qui consequuntur perferendis voluptate.', 'Dr. Gerson Ziemann', '', '2023-07-24 04:43:57', '2023-07-24 04:43:57'),
	(315, 'Nihil eius ut aspernatur nulla in illo.', 'Erich Schmeler', '', '2023-07-24 04:43:57', '2023-07-24 04:43:57'),
	(316, 'Perspiciatis quae nam aperiam enim.', 'Prof. Giovanni Bergstrom', '', '2023-07-24 04:43:57', '2023-07-24 04:43:57'),
	(317, 'Dolorum eum labore iste hic.', 'Amari Borer', '', '2023-07-24 04:43:57', '2023-07-24 04:43:57'),
	(318, 'Maxime quia voluptatibus in qui sint facere.', 'Mr. Lambert Brekke', '', '2023-07-24 04:43:57', '2023-07-24 04:43:57'),
	(319, 'Voluptas facilis deserunt aut.', 'Freddie Blick', '', '2023-07-24 04:43:57', '2023-07-24 04:43:57'),
	(320, 'Aut voluptatum qui a et id molestiae vitae.', 'Rahul Moen', '', '2023-07-24 04:43:57', '2023-07-24 04:43:57'),
	(321, 'Nostrum molestias ea quia animi voluptatem sed.', 'Eldora Walker', '', '2023-07-24 04:43:57', '2023-07-24 04:43:57'),
	(322, 'Aut dolore perspiciatis sit dolorem.', 'Avery Emmerich', '', '2023-07-24 04:43:57', '2023-07-24 04:43:57'),
	(323, 'Voluptas est ab quis.', 'Laurine Lang', '', '2023-07-24 04:43:57', '2023-07-24 04:43:57'),
	(324, 'Placeat repellendus eaque ut velit voluptas esse.', 'Vena Haag', '', '2023-07-24 04:43:57', '2023-07-24 04:43:57'),
	(325, 'Quae odit dolorum consequatur ipsum debitis beatae doloremque.', 'Prof. Tracy Kshlerin II', '', '2023-07-24 04:43:57', '2023-07-24 04:43:57'),
	(326, 'Eveniet labore culpa velit non.', 'Danika VonRueden III', '', '2023-07-24 04:43:57', '2023-07-24 04:43:57'),
	(327, 'Temporibus sunt non quo est placeat consequatur.', 'Suzanne Durgan I', '', '2023-07-24 04:43:57', '2023-07-24 04:43:57'),
	(328, 'Est nemo non modi ex delectus vel.', 'Frances Parisian', '', '2023-07-24 04:43:57', '2023-07-24 04:43:57'),
	(329, 'Et sapiente dicta aut omnis deserunt rem dolorem.', 'Prof. Chaz Yundt', '', '2023-07-24 04:43:57', '2023-07-24 04:43:57'),
	(330, 'Ratione voluptas corporis quaerat quas.', 'Edythe Cruickshank', '', '2023-07-24 04:43:57', '2023-07-24 04:43:57'),
	(331, 'Pariatur est amet voluptatum ut.', 'Dr. Ronny Paucek PhD', '', '2023-07-24 04:43:57', '2023-07-24 04:43:57'),
	(332, 'Aut qui beatae tempora voluptatem ut ducimus.', 'Celestino Prohaska', '', '2023-07-24 04:43:57', '2023-07-24 04:43:57'),
	(333, 'Est inventore impedit tenetur quod consequatur ab.', 'Jessika Green PhD', '', '2023-07-24 04:43:57', '2023-07-24 04:43:57'),
	(334, 'Laboriosam sint illum autem est ducimus at asperiores.', 'Narciso Gorczany', '', '2023-07-24 04:43:57', '2023-07-24 04:43:57'),
	(335, 'Labore veritatis necessitatibus veniam pariatur iure.', 'Dr. Samantha Bashirian', '', '2023-07-24 04:43:57', '2023-07-24 04:43:57'),
	(336, 'Minima quaerat at nam omnis rerum.', 'Pansy Dibbert', '', '2023-07-24 04:43:57', '2023-07-24 04:43:57'),
	(337, 'Ea fugit enim maxime debitis debitis officiis aliquam.', 'Della Schulist', '', '2023-07-24 04:43:57', '2023-07-24 04:43:57'),
	(338, 'Facere aut doloribus et.', 'Austyn Macejkovic', '', '2023-07-24 04:43:57', '2023-07-24 04:43:57'),
	(339, 'Sed quisquam dolor sit beatae optio sed.', 'Sylvia Moore', '', '2023-07-24 04:43:57', '2023-07-24 04:43:57'),
	(340, 'Et facere voluptate nisi facere.', 'Damaris Wolff', '', '2023-07-24 04:43:57', '2023-07-24 04:43:57'),
	(341, 'Veniam ut a quod omnis qui aut eos.', 'Arjun Beier', '', '2023-07-24 04:43:57', '2023-07-24 04:43:57'),
	(342, 'Ex repudiandae quidem at tenetur perspiciatis vel culpa.', 'Eldon Vandervort V', '', '2023-07-24 04:43:57', '2023-07-24 04:43:57'),
	(343, 'Quod ipsa ipsa nisi qui nihil.', 'Emelie Friesen', '', '2023-07-24 04:43:58', '2023-07-24 04:43:58'),
	(344, 'Qui delectus facilis quos autem sint officia quia.', 'Lambert Tillman MD', '', '2023-07-24 04:43:58', '2023-07-24 04:43:58'),
	(345, 'Rem vel aspernatur ut sed aspernatur doloremque.', 'Hyman Koch', '', '2023-07-24 04:43:58', '2023-07-24 04:43:58'),
	(346, 'Ipsa consectetur sed aspernatur ad.', 'Ismael Quitzon', '', '2023-07-24 04:43:58', '2023-07-24 04:43:58'),
	(347, 'Temporibus nisi eum soluta qui eum.', 'Kayleigh Goyette', '', '2023-07-24 04:43:58', '2023-07-24 04:43:58'),
	(348, 'Excepturi et aut soluta qui.', 'Rosie Johnston MD', '', '2023-07-24 04:43:58', '2023-07-24 04:43:58'),
	(349, 'Doloribus dolore dolorem et accusantium et natus.', 'Emilio Kuhic', '', '2023-07-24 04:43:58', '2023-07-24 04:43:58'),
	(350, 'Rem architecto ut magni et sit sit ipsum nostrum.', 'Alexander Bogisich', '', '2023-07-24 04:43:58', '2023-07-24 04:43:58'),
	(351, 'Adipisci molestias odio quo maxime enim laborum tempore.', 'Alvena Zulauf Sr.', '', '2023-07-24 04:43:58', '2023-07-24 04:43:58'),
	(352, 'Qui qui est non ut cum.', 'Eli Champlin', '', '2023-07-24 04:43:58', '2023-07-24 04:43:58'),
	(353, 'Velit voluptatem exercitationem autem eius quisquam vel est.', 'Mrs. Jenifer Greenfelder I', '', '2023-07-24 04:43:58', '2023-07-24 04:43:58'),
	(354, 'Accusantium dolores beatae dicta.', 'Micheal Skiles', '', '2023-07-24 04:43:58', '2023-07-24 04:43:58'),
	(355, 'Id autem natus doloremque vero qui quae voluptatem.', 'Dr. Brody Kohler III', '', '2023-07-24 04:43:58', '2023-07-24 04:43:58'),
	(356, 'Sed pariatur perspiciatis dolor nam in et.', 'Marisa O\'Connell', '', '2023-07-24 04:43:58', '2023-07-24 04:43:58'),
	(357, 'Atque ad quod quia.', 'Prof. Erick Abernathy', '', '2023-07-24 04:43:58', '2023-07-24 04:43:58'),
	(358, 'Dolorem quo consequatur itaque sequi qui nesciunt.', 'Ms. Peggie Schuppe', '', '2023-07-24 04:43:58', '2023-07-24 04:43:58'),
	(359, 'Occaecati doloremque sed itaque earum culpa.', 'Dr. Vallie Windler', '', '2023-07-24 04:43:58', '2023-07-24 04:43:58'),
	(360, 'Sit totam quasi distinctio corrupti.', 'Javier Lind', '', '2023-07-24 04:43:58', '2023-07-24 04:43:58'),
	(361, 'Optio in qui iusto adipisci et.', 'Alanis Boehm', '', '2023-07-24 04:43:58', '2023-07-24 04:43:58'),
	(362, 'Placeat nam distinctio accusamus est.', 'Dr. Palma Kreiger', '', '2023-07-24 04:43:58', '2023-07-24 04:43:58'),
	(363, 'Sed assumenda aut id fuga veniam.', 'Catherine Green DDS', '', '2023-07-24 04:43:58', '2023-07-24 04:43:58'),
	(364, 'Beatae quasi hic dolores nam libero.', 'Mrs. Rosalinda Abbott', '', '2023-07-24 04:43:58', '2023-07-24 04:43:58'),
	(365, 'Odit sapiente voluptate ipsum minima.', 'Adrienne Casper II', '', '2023-07-24 04:43:58', '2023-07-24 04:43:58'),
	(366, 'Quis labore et repellendus repellendus.', 'Tanner Williamson', '', '2023-07-24 04:43:58', '2023-07-24 04:43:58'),
	(367, 'Temporibus ducimus molestiae voluptatibus corporis.', 'Stan Bauch', '', '2023-07-24 04:43:58', '2023-07-24 04:43:58'),
	(368, 'Et in facere laboriosam fugit est reprehenderit.', 'Dr. Stanton Weber IV', '', '2023-07-24 04:43:58', '2023-07-24 04:43:58'),
	(369, 'Aut vel eveniet non temporibus.', 'Maryjane Mosciski', '', '2023-07-24 04:43:58', '2023-07-24 04:43:58'),
	(370, 'Error tempora voluptatem commodi provident voluptatibus.', 'Emerald Jones', '', '2023-07-24 04:43:58', '2023-07-24 04:43:58'),
	(371, 'Et dolorem sequi praesentium sed voluptas.', 'Lisette Ward PhD', '', '2023-07-24 04:43:58', '2023-07-24 04:43:58'),
	(372, 'Ex tempora repudiandae ex est numquam cum ipsa.', 'Emilia Hackett', '', '2023-07-24 04:43:58', '2023-07-24 04:43:58'),
	(373, 'Nemo tempore iure iste recusandae dolorem qui.', 'Madisyn Block', '', '2023-07-24 04:43:58', '2023-07-24 04:43:58'),
	(374, 'Ut vel totam ipsa labore labore incidunt nam at.', 'Mariah Crist', '', '2023-07-24 04:43:58', '2023-07-24 04:43:58'),
	(375, 'Perferendis dolor labore nobis fugiat consequatur qui quam maiores.', 'Tommie Wilderman', '', '2023-07-24 04:43:58', '2023-07-24 04:43:58'),
	(376, 'Reprehenderit soluta vel consequatur eveniet.', 'Stephon Kuhlman', '', '2023-07-24 04:43:58', '2023-07-24 04:43:58'),
	(377, 'Voluptatem id modi similique et.', 'Verdie Kihn', '', '2023-07-24 04:43:58', '2023-07-24 04:43:58'),
	(378, 'Unde rerum quisquam qui eius quibusdam.', 'Tomasa Jerde', '', '2023-07-24 04:43:58', '2023-07-24 04:43:58'),
	(379, 'Sequi ratione quae ea nihil aut rerum vitae corrupti.', 'Ian Hand', '', '2023-07-24 04:43:58', '2023-07-24 04:43:58'),
	(380, 'Eos eveniet fugit dicta est eos eveniet.', 'Camron Bruen', '', '2023-07-24 04:43:58', '2023-07-24 04:43:58'),
	(381, 'Voluptas laboriosam quidem et dolores enim necessitatibus.', 'Adriana Keebler', '', '2023-07-24 04:43:58', '2023-07-24 04:43:58'),
	(382, 'Delectus aut deleniti doloremque quas labore.', 'Mr. Cornell Hintz', '', '2023-07-24 04:43:58', '2023-07-24 04:43:58'),
	(383, 'Aut aut facilis consequatur non ea et et.', 'Torrey Gleason', '', '2023-07-24 04:43:58', '2023-07-24 04:43:58'),
	(384, 'Quas sed odio totam accusantium illo quia.', 'Alexandria Gusikowski', '', '2023-07-24 04:43:58', '2023-07-24 04:43:58'),
	(385, 'Sit est dolore eos dolores est deserunt.', 'Laury Feeney', '', '2023-07-24 04:43:58', '2023-07-24 04:43:58'),
	(386, 'Harum eum asperiores quos commodi culpa aliquam.', 'Miss Genesis Ondricka DVM', '', '2023-07-24 04:43:58', '2023-07-24 04:43:58'),
	(387, 'Et ad nam perferendis doloremque.', 'Gaetano Jenkins', '', '2023-07-24 04:43:58', '2023-07-24 04:43:58'),
	(388, 'Odio assumenda in vel quibusdam officiis.', 'Jerry Abbott', '', '2023-07-24 04:43:58', '2023-07-24 04:43:58'),
	(389, 'Illo eveniet quos perferendis consequatur.', 'Keeley Huel', '', '2023-07-24 04:43:58', '2023-07-24 04:43:58'),
	(390, 'Qui vero alias voluptatibus porro quia magnam perferendis.', 'Germaine Conroy', '', '2023-07-24 04:43:58', '2023-07-24 04:43:58'),
	(391, 'Omnis distinctio consequatur quis tempore reiciendis provident atque dolorem.', 'Ricky Hodkiewicz', '', '2023-07-24 04:43:58', '2023-07-24 04:43:58'),
	(392, 'Beatae natus voluptates recusandae qui autem est.', 'Idella Stanton', '', '2023-07-24 04:43:58', '2023-07-24 04:43:58'),
	(393, 'Qui molestiae quia molestiae quam quaerat recusandae.', 'Caesar Roberts Jr.', '', '2023-07-24 04:43:58', '2023-07-24 04:43:58'),
	(394, 'Quos magnam est quasi qui ipsam.', 'Eulah Johnson', '', '2023-07-24 04:43:58', '2023-07-24 04:43:58'),
	(395, 'Nam quia voluptatem eos nemo aut.', 'Velva Quitzon', '', '2023-07-24 04:43:58', '2023-07-24 04:43:58'),
	(396, 'Autem architecto minus aspernatur voluptatem et aut.', 'Prof. Tierra Schaefer IV', '', '2023-07-24 04:43:58', '2023-07-24 04:43:58'),
	(397, 'Magnam quis eos tempore vel consequatur possimus.', 'Kaitlyn Davis I', '', '2023-07-24 04:43:58', '2023-07-24 04:43:58'),
	(398, 'Consequuntur laudantium quo alias non dolorem velit id.', 'Nick Larkin', '', '2023-07-24 04:43:58', '2023-07-24 04:43:58'),
	(399, 'Velit quam fugit aut facere.', 'Prof. Marquise Swift', '', '2023-07-24 04:43:58', '2023-07-24 04:43:58'),
	(400, 'Incidunt assumenda quo dignissimos.', 'Danny Grady DVM', '', '2023-07-24 04:43:58', '2023-07-24 04:43:58'),
	(401, 'Unde quo voluptatum voluptas ab voluptatem ad cupiditate.', 'Leonel Muller', '', '2023-07-24 04:43:58', '2023-07-24 04:43:58'),
	(402, 'Sit neque repudiandae necessitatibus incidunt et.', 'Mrs. Otha Heller DVM', '', '2023-07-24 04:43:58', '2023-07-24 04:43:58'),
	(403, 'Sunt autem consectetur natus velit cum sint qui.', 'Edythe Baumbach DVM', '', '2023-07-24 04:43:58', '2023-07-24 04:43:58'),
	(404, 'Sed ut esse consequuntur.', 'Miss Kariane Goyette', '', '2023-07-24 04:43:58', '2023-07-24 04:43:58'),
	(405, 'Ut consequatur repellat consequuntur magnam veniam.', 'Dr. Ronaldo Gulgowski II', '', '2023-07-24 04:43:58', '2023-07-24 04:43:58'),
	(406, 'Dolorum omnis sint quas officia repellat quia.', 'Braulio Wiegand DVM', '', '2023-07-24 04:43:58', '2023-07-24 04:43:58'),
	(407, 'Earum ratione possimus consequuntur doloribus quis.', 'Carey Kuhlman IV', '', '2023-07-24 04:43:58', '2023-07-24 04:43:58'),
	(408, 'Mollitia illum consectetur tempora deleniti.', 'Ms. Felicity Parisian Sr.', '', '2023-07-24 04:43:58', '2023-07-24 04:43:58'),
	(409, 'Placeat ad sapiente iure non doloremque.', 'Hallie Medhurst', '', '2023-07-24 04:43:58', '2023-07-24 04:43:58'),
	(410, 'Labore quasi quidem sapiente sunt accusamus accusantium.', 'Alexandria Abbott', '', '2023-07-24 04:43:58', '2023-07-24 04:43:58'),
	(411, 'Voluptatem porro accusantium distinctio tempora quasi consequatur perspiciatis est.', 'Miss Jazmin Hilpert', '', '2023-07-24 04:43:58', '2023-07-24 04:43:58'),
	(412, 'Commodi magnam velit aut qui id.', 'Hugh O\'Reilly DDS', '', '2023-07-24 04:43:58', '2023-07-24 04:43:58'),
	(413, 'Voluptatum voluptas nisi et quis corrupti.', 'Katheryn Wehner V', '', '2023-07-24 04:43:58', '2023-07-24 04:43:58'),
	(414, 'Eligendi deserunt commodi cumque voluptate.', 'Mr. Savion Morar', '', '2023-07-24 04:43:58', '2023-07-24 04:43:58'),
	(415, 'Ut consectetur ut dolorem cum eos et enim.', 'Deron Romaguera II', '', '2023-07-24 04:43:58', '2023-07-24 04:43:58'),
	(416, 'Facere ullam repellendus eum molestiae.', 'Jeff Orn MD', '', '2023-07-24 04:43:58', '2023-07-24 04:43:58'),
	(417, 'Beatae voluptas possimus id dolorem et.', 'Kenny Gusikowski', '', '2023-07-24 04:43:58', '2023-07-24 04:43:58'),
	(418, 'Et omnis aliquam exercitationem tempore cumque placeat ut.', 'Mekhi Orn DDS', '', '2023-07-24 04:43:58', '2023-07-24 04:43:58'),
	(419, 'Aut et et dolorem dolore et repudiandae ullam.', 'Madalyn Jaskolski', '', '2023-07-24 04:43:58', '2023-07-24 04:43:58'),
	(420, 'Commodi vero aperiam sed id fugiat.', 'Prof. Denis Medhurst Sr.', '', '2023-07-24 04:43:58', '2023-07-24 04:43:58'),
	(421, 'Pariatur aut quidem in molestiae quod suscipit corporis omnis.', 'Euna Schultz', '', '2023-07-24 04:43:58', '2023-07-24 04:43:58'),
	(422, 'Assumenda voluptatem odit sequi doloribus sapiente asperiores ut.', 'Alison Volkman', '', '2023-07-24 04:43:58', '2023-07-24 04:43:58'),
	(423, 'Consequatur ut deserunt tempora corporis.', 'Prof. Joelle Hill', '', '2023-07-24 04:43:58', '2023-07-24 04:43:58'),
	(424, 'Deleniti qui non ducimus officiis libero nihil aut perferendis.', 'Drew Kuhic', '', '2023-07-24 04:43:58', '2023-07-24 04:43:58'),
	(425, 'Qui et aspernatur consequatur odit omnis omnis aliquam nostrum.', 'Kelton Hauck Jr.', '', '2023-07-24 04:43:58', '2023-07-24 04:43:58'),
	(426, 'Totam deserunt maxime asperiores qui non eaque dolorem.', 'Tiana Schoen', '', '2023-07-24 04:43:58', '2023-07-24 04:43:58'),
	(427, 'Eius et sed excepturi.', 'Prof. Ferne Berge', '', '2023-07-24 04:43:58', '2023-07-24 04:43:58'),
	(428, 'Quaerat ipsam voluptas quia deserunt.', 'Mr. Dusty Waters', '', '2023-07-24 04:43:58', '2023-07-24 04:43:58'),
	(429, 'Quis expedita repellat ea corporis sit omnis.', 'Dr. Brycen Lehner', '', '2023-07-24 04:43:58', '2023-07-24 04:43:58'),
	(430, 'Quia ratione et eaque nam quod quod.', 'Corrine Hayes', '', '2023-07-24 04:43:58', '2023-07-24 04:43:58'),
	(431, 'Ea id ut dolore delectus.', 'Mrs. Ashlee Block DDS', '', '2023-07-24 04:43:58', '2023-07-24 04:43:58'),
	(432, 'Delectus amet facere voluptas et iusto.', 'Mr. Monte Kutch PhD', '', '2023-07-24 04:43:58', '2023-07-24 04:43:58'),
	(433, 'Saepe hic autem qui et.', 'Mr. Brian Bradtke', '', '2023-07-24 04:43:58', '2023-07-24 04:43:58'),
	(434, 'Voluptatum assumenda incidunt architecto aliquam.', 'Eula Swift IV', '', '2023-07-24 04:43:58', '2023-07-24 04:43:58'),
	(435, 'Autem aliquid voluptatem in facilis sint et.', 'Mr. Randall Heller', '', '2023-07-24 04:43:58', '2023-07-24 04:43:58'),
	(436, 'Nihil alias nihil optio deserunt voluptate.', 'Scot Vandervort', '', '2023-07-24 04:43:58', '2023-07-24 04:43:58'),
	(437, 'Autem vitae alias doloribus itaque autem tempore.', 'Katlynn Prosacco', '', '2023-07-24 04:43:58', '2023-07-24 04:43:58'),
	(438, 'Impedit doloremque voluptatum debitis labore facere sint cum.', 'Clarissa Aufderhar', '', '2023-07-24 04:43:58', '2023-07-24 04:43:58'),
	(439, 'Dolores et amet iste animi aspernatur odit.', 'Thalia Mohr', '', '2023-07-24 04:43:58', '2023-07-24 04:43:58'),
	(440, 'Non commodi error repudiandae fugiat.', 'Ralph Lueilwitz', '', '2023-07-24 04:43:58', '2023-07-24 04:43:58'),
	(441, 'Et est vel itaque.', 'Dr. Mertie White DVM', '', '2023-07-24 04:43:58', '2023-07-24 04:43:58'),
	(442, 'Quisquam velit nemo id quidem eveniet.', 'Trycia Willms', '', '2023-07-24 04:43:58', '2023-07-24 04:43:58'),
	(443, 'Eum dolor rerum adipisci molestiae iusto alias.', 'Ford Oberbrunner', '', '2023-07-24 04:43:58', '2023-07-24 04:43:58'),
	(444, 'Quo aliquam est temporibus culpa.', 'Hassan Vandervort', '', '2023-07-24 04:43:58', '2023-07-24 04:43:58'),
	(445, 'Possimus velit laborum eveniet culpa nam.', 'Jacklyn Kuhn', '', '2023-07-24 04:43:58', '2023-07-24 04:43:58'),
	(446, 'Eum ut dolores ea.', 'Mr. Tito Gleichner', '', '2023-07-24 04:43:58', '2023-07-24 04:43:58'),
	(447, 'Neque id aut ducimus voluptatem corporis.', 'Roy Okuneva', '', '2023-07-24 04:43:58', '2023-07-24 04:43:58'),
	(448, 'Illo quod similique neque ut consequuntur.', 'Ciara Murphy V', '', '2023-07-24 04:43:58', '2023-07-24 04:43:58'),
	(449, 'Itaque occaecati esse accusamus consequuntur.', 'Dr. Kaley Lowe DVM', '', '2023-07-24 04:43:58', '2023-07-24 04:43:58'),
	(450, 'Harum inventore mollitia quasi necessitatibus sed.', 'Elisa Cremin PhD', '', '2023-07-24 04:43:58', '2023-07-24 04:43:58'),
	(451, 'Alias recusandae vel perspiciatis molestiae non repellendus consequatur inventore.', 'Clara Rempel', '', '2023-07-24 04:43:58', '2023-07-24 04:43:58'),
	(452, 'A fugit earum quis exercitationem vel consequatur esse.', 'Tre Herman', '', '2023-07-24 04:43:58', '2023-07-24 04:43:58'),
	(453, 'Voluptatem omnis incidunt architecto laboriosam repudiandae accusantium.', 'Aubrey Batz', '', '2023-07-24 04:43:58', '2023-07-24 04:43:58'),
	(454, 'Laborum explicabo sapiente qui sunt corporis vero.', 'Rose Roob', '', '2023-07-24 04:43:58', '2023-07-24 04:43:58'),
	(455, 'Nisi et distinctio rerum vitae voluptate culpa.', 'Baby Reichel V', '', '2023-07-24 04:43:58', '2023-07-24 04:43:58'),
	(456, 'Modi modi tempore sunt molestiae et corrupti.', 'Davon Ward', '', '2023-07-24 04:43:58', '2023-07-24 04:43:58'),
	(457, 'Aliquid ipsam voluptatem error qui omnis et eum quia.', 'Emmanuel Bergnaum', '', '2023-07-24 04:43:58', '2023-07-24 04:43:58'),
	(458, 'Nisi ea mollitia placeat qui inventore.', 'Imogene McKenzie', '', '2023-07-24 04:43:58', '2023-07-24 04:43:58'),
	(459, 'Eos unde dignissimos quo quo.', 'Theron Glover DVM', '', '2023-07-24 04:43:58', '2023-07-24 04:43:58'),
	(460, 'Quibusdam excepturi id quaerat aut.', 'Keshaun Lindgren', '', '2023-07-24 04:43:58', '2023-07-24 04:43:58'),
	(461, 'Architecto laborum voluptas adipisci nesciunt.', 'Theron Greenholt', '', '2023-07-24 04:43:58', '2023-07-24 04:43:58'),
	(462, 'Excepturi voluptate tempora et aut mollitia consequatur.', 'Miss Claudine Mann', '', '2023-07-24 04:43:58', '2023-07-24 04:43:58'),
	(463, 'Nam consequatur sint error enim voluptatem quidem recusandae aut.', 'Elroy Blick', '', '2023-07-24 04:43:58', '2023-07-24 04:43:58'),
	(464, 'Et ea nostrum explicabo possimus labore temporibus.', 'Shea Powlowski', '', '2023-07-24 04:43:58', '2023-07-24 04:43:58'),
	(465, 'Perferendis sed et maxime vel minima inventore excepturi perferendis.', 'Angelina Vandervort', '', '2023-07-24 04:43:58', '2023-07-24 04:43:58'),
	(466, 'Odit exercitationem cupiditate est magnam voluptatem dolorum voluptatem.', 'Jacinto Cummerata', '', '2023-07-24 04:43:58', '2023-07-24 04:43:58'),
	(467, 'Pariatur excepturi ut in aut recusandae enim nemo.', 'Prof. Cristian Wintheiser DDS', '', '2023-07-24 04:43:58', '2023-07-24 04:43:58'),
	(468, 'Commodi repudiandae sed totam optio facilis quia ut vero.', 'Jovanny Deckow', '', '2023-07-24 04:43:58', '2023-07-24 04:43:58'),
	(469, 'Recusandae esse quas modi laborum sed dolorem.', 'Lucie Paucek', '', '2023-07-24 04:43:58', '2023-07-24 04:43:58'),
	(470, 'Asperiores reiciendis quo error harum quas.', 'Miss Brooklyn Osinski III', '', '2023-07-24 04:43:58', '2023-07-24 04:43:58'),
	(471, 'Modi sequi excepturi tempora repudiandae error.', 'Miss Fabiola Schneider', '', '2023-07-24 04:43:58', '2023-07-24 04:43:58'),
	(472, 'Saepe quo alias debitis qui itaque est.', 'Madge Schuppe', '', '2023-07-24 04:43:58', '2023-07-24 04:43:58'),
	(473, 'Mollitia distinctio excepturi sed eaque et esse.', 'Fae Leannon III', '', '2023-07-24 04:43:58', '2023-07-24 04:43:58'),
	(474, 'Aliquam magnam aut quis qui ipsam non.', 'Miss Magnolia Runte DVM', '', '2023-07-24 04:43:58', '2023-07-24 04:43:58'),
	(475, 'Facere autem officiis natus est dolorem.', 'Mr. Henderson Kirlin Sr.', '', '2023-07-24 04:43:58', '2023-07-24 04:43:58'),
	(476, 'Sed perferendis libero accusamus eum.', 'Dr. Jazmin Feeney', '', '2023-07-24 04:43:58', '2023-07-24 04:43:58'),
	(477, 'Suscipit assumenda optio optio consequatur.', 'Arden Olson', '', '2023-07-24 04:43:58', '2023-07-24 04:43:58'),
	(478, 'Atque aliquid voluptatem tempore distinctio voluptatem hic.', 'Miss Maci Hills I', '', '2023-07-24 04:43:58', '2023-07-24 04:43:58'),
	(479, 'Dolorem alias molestiae ex ut corporis.', 'Nestor Feest', '', '2023-07-24 04:43:58', '2023-07-24 04:43:58'),
	(480, 'Dicta illo excepturi aliquid beatae veritatis deserunt autem.', 'Dr. Nathanael Blanda', '', '2023-07-24 04:43:58', '2023-07-24 04:43:58'),
	(481, 'Optio non doloribus quis et in.', 'Ellie McLaughlin', '', '2023-07-24 04:43:58', '2023-07-24 04:43:58'),
	(482, 'Ut magnam aut debitis odit voluptatem id.', 'Bennie Wehner', '', '2023-07-24 04:43:58', '2023-07-24 04:43:58'),
	(483, 'Et voluptas dolores nostrum placeat est commodi.', 'Karolann Dach MD', '', '2023-07-24 04:43:58', '2023-07-24 04:43:58'),
	(484, 'Quibusdam omnis unde est non maxime.', 'Taryn Feest III', '', '2023-07-24 04:43:58', '2023-07-24 04:43:58'),
	(485, 'Ab non quibusdam deserunt eaque.', 'Dr. Adrienne Herman PhD', '', '2023-07-24 04:43:58', '2023-07-24 04:43:58'),
	(486, 'Est rerum quidem natus sequi.', 'Gloria Walter', '', '2023-07-24 04:43:58', '2023-07-24 04:43:58'),
	(487, 'Dolorum et sequi optio facere voluptatem enim.', 'Murl Quitzon', '', '2023-07-24 04:43:58', '2023-07-24 04:43:58'),
	(488, 'Delectus nam aspernatur rerum voluptatem.', 'Icie Miller PhD', '', '2023-07-24 04:43:58', '2023-07-24 04:43:58'),
	(489, 'Veritatis nesciunt dicta similique veritatis.', 'Prof. Quentin Waters III', '', '2023-07-24 04:43:58', '2023-07-24 04:43:58'),
	(490, 'Veritatis enim earum velit ex.', 'Jesse Mante', '', '2023-07-24 04:43:58', '2023-07-24 04:43:58'),
	(491, 'Modi debitis saepe blanditiis eligendi.', 'Miss Myah Kub', '', '2023-07-24 04:43:58', '2023-07-24 04:43:58'),
	(492, 'Qui minus sed sed.', 'Miss Elise Bins', '', '2023-07-24 04:43:58', '2023-07-24 04:43:58'),
	(493, 'Iusto voluptas nihil minus corporis voluptates illo.', 'Mrs. Jacky Kohler Jr.', '', '2023-07-24 04:43:58', '2023-07-24 04:43:58'),
	(494, 'Impedit id voluptatem corporis quos perferendis odit natus.', 'Wilton Collier Sr.', '', '2023-07-24 04:43:58', '2023-07-24 04:43:58'),
	(495, 'Harum et dolorem non quasi saepe.', 'Akeem Hermann', '', '2023-07-24 04:43:58', '2023-07-24 04:43:58'),
	(496, 'Non vel eos nihil at tenetur commodi.', 'Isac Marks', '', '2023-07-24 04:43:58', '2023-07-24 04:43:58'),
	(497, 'Earum a commodi harum nam est magnam.', 'Asia Lehner', '', '2023-07-24 04:43:58', '2023-07-24 04:43:58'),
	(498, 'Illo voluptates neque ducimus sit cupiditate voluptates.', 'Mr. Enid Murphy', '', '2023-07-24 04:43:58', '2023-07-24 04:43:58'),
	(499, 'Corrupti cupiditate non quos rerum animi labore fugit.', 'Laurine Schmitt', '', '2023-07-24 04:43:58', '2023-07-24 04:43:58'),
	(500, 'Quae iusto dolorem voluptatem aut cupiditate et voluptatem.', 'Tre Nicolas', '', '2023-07-24 04:43:58', '2023-07-24 04:43:58'),
	(501, 'Placeat aliquam illo quibusdam voluptas dolore.', 'Dr. Guido Nitzsche PhD', '', '2023-07-24 04:43:58', '2023-07-24 04:43:58'),
	(502, 'Voluptas voluptatem alias hic voluptatem.', 'Dr. Jeramy Braun III', '', '2023-07-24 04:43:58', '2023-07-24 04:43:58'),
	(503, 'Nostrum rerum est aut voluptatem iste ut.', 'Linwood Boyer III', '', '2023-07-24 04:43:58', '2023-07-24 04:43:58'),
	(504, 'Sit illum molestias voluptate perspiciatis dicta cupiditate.', 'Lula Bailey', '', '2023-07-24 04:43:58', '2023-07-24 04:43:58'),
	(505, 'Ullam molestiae tenetur ut ea.', 'Mallie Towne', '', '2023-07-24 04:43:58', '2023-07-24 04:43:58'),
	(506, 'Porro voluptas excepturi esse incidunt repudiandae qui eos.', 'Anya Waters', '', '2023-07-24 04:43:58', '2023-07-24 04:43:58'),
	(507, 'Ducimus laborum qui maxime molestiae porro.', 'Clementina Beatty', '', '2023-07-24 04:43:58', '2023-07-24 04:43:58'),
	(508, 'Cumque unde molestias odio tenetur rerum.', 'Kasandra Rowe Jr.', '', '2023-07-24 04:43:58', '2023-07-24 04:43:58'),
	(509, 'Molestiae expedita et expedita laboriosam voluptatem deleniti vero quos.', 'Abigale Moore', '', '2023-07-24 04:43:58', '2023-07-24 04:43:58'),
	(510, 'Nesciunt repudiandae nam doloribus ut fugit.', 'Neal Beahan', '', '2023-07-24 04:43:58', '2023-07-24 04:43:58'),
	(511, 'Harum ea veritatis rerum et sint.', 'Mr. Vicente Veum', '', '2023-07-24 04:43:58', '2023-07-24 04:43:58'),
	(512, 'Exercitationem tempora qui id impedit soluta rem eveniet.', 'Dr. Abigail Murphy', '', '2023-07-24 04:43:58', '2023-07-24 04:43:58'),
	(513, 'Non odit nesciunt eligendi veniam.', 'Shanon Funk PhD', '', '2023-07-24 04:43:58', '2023-07-24 04:43:58'),
	(514, 'Exercitationem perspiciatis corrupti eum consequuntur tempore consequatur fugiat.', 'Adrian Jerde', '', '2023-07-24 04:43:59', '2023-07-24 04:43:59'),
	(515, 'Enim eaque similique ut rerum illo magni magni.', 'Hershel Paucek', '', '2023-07-24 04:43:59', '2023-07-24 04:43:59'),
	(516, 'Minus placeat dolores deleniti quia aut.', 'Jackie Raynor', '', '2023-07-24 04:43:59', '2023-07-24 04:43:59'),
	(517, 'Eaque et cum consequuntur.', 'Prof. Kali Schroeder I', '', '2023-07-24 04:43:59', '2023-07-24 04:43:59'),
	(518, 'In fugiat numquam maxime ut sequi.', 'Bennie Crist', '', '2023-07-24 04:43:59', '2023-07-24 04:43:59'),
	(519, 'Nemo quod dolorem esse officia quasi.', 'Fredrick Langosh', '', '2023-07-24 04:43:59', '2023-07-24 04:43:59'),
	(520, 'Delectus enim et atque doloremque ab in.', 'Icie Weimann', '', '2023-07-24 04:43:59', '2023-07-24 04:43:59'),
	(521, 'At voluptatibus aliquid exercitationem totam est tempore.', 'Tamia Metz III', '', '2023-07-24 04:43:59', '2023-07-24 04:43:59'),
	(522, 'Autem assumenda debitis et ex doloribus tempora.', 'Nicklaus Dach', '', '2023-07-24 04:43:59', '2023-07-24 04:43:59'),
	(523, 'Id et saepe et cupiditate nobis sed.', 'Angeline Kozey', '', '2023-07-24 04:43:59', '2023-07-24 04:43:59'),
	(524, 'Vero doloremque id nisi libero.', 'Mr. Rodrick Johnston V', '', '2023-07-24 04:43:59', '2023-07-24 04:43:59'),
	(525, 'Voluptatem autem praesentium quaerat ea quam maiores.', 'Prof. Rod Kulas', '', '2023-07-24 04:43:59', '2023-07-24 04:43:59'),
	(526, 'Quae maiores ullam inventore nisi.', 'Bryana Harvey', '', '2023-07-24 04:43:59', '2023-07-24 04:43:59'),
	(527, 'Enim odio qui maiores et consectetur aspernatur.', 'Garnett Ratke', '', '2023-07-24 04:43:59', '2023-07-24 04:43:59'),
	(528, 'Doloremque qui amet quis aut sint.', 'Meagan Pfannerstill II', '', '2023-07-24 04:43:59', '2023-07-24 04:43:59'),
	(529, 'Mollitia amet ut rerum dolorum.', 'Rosalia Ullrich', '', '2023-07-24 04:43:59', '2023-07-24 04:43:59'),
	(530, 'Et veritatis nemo voluptates dolore.', 'Reid Berge', '', '2023-07-24 04:43:59', '2023-07-24 04:43:59'),
	(531, 'Dolorum consequatur quia voluptatem eligendi est sunt ut ratione.', 'Jamey Kreiger', '', '2023-07-24 04:43:59', '2023-07-24 04:43:59'),
	(532, 'In quos eligendi dolores modi eveniet fuga architecto.', 'Eloise Hyatt', '', '2023-07-24 04:43:59', '2023-07-24 04:43:59'),
	(533, 'Qui ratione consequuntur totam ipsam.', 'Ellsworth O\'Keefe', '', '2023-07-24 04:43:59', '2023-07-24 04:43:59'),
	(534, 'Ut aspernatur labore placeat odio.', 'Wanda Bechtelar', '', '2023-07-24 04:43:59', '2023-07-24 04:43:59'),
	(535, 'Voluptas tempora hic atque quae consequuntur placeat.', 'Hans Huel', '', '2023-07-24 04:43:59', '2023-07-24 04:43:59'),
	(536, 'Odio quam dolorum nemo exercitationem ipsum voluptate nihil.', 'Prof. Janick Cassin', '', '2023-07-24 04:43:59', '2023-07-24 04:43:59'),
	(537, 'Consectetur provident nihil possimus natus hic soluta.', 'Alaina Hand DDS', '', '2023-07-24 04:43:59', '2023-07-24 04:43:59'),
	(538, 'Ut eum et nisi aspernatur vero at ut.', 'Fausto Monahan', '', '2023-07-24 04:43:59', '2023-07-24 04:43:59'),
	(539, 'Voluptatem accusantium voluptatem provident tempore nulla.', 'Elvis Gleason I', '', '2023-07-24 04:43:59', '2023-07-24 04:43:59'),
	(540, 'Aut molestiae in magni neque ipsam et.', 'Viva Luettgen', '', '2023-07-24 04:43:59', '2023-07-24 04:43:59'),
	(541, 'Nulla architecto distinctio minima molestias reiciendis tempore pariatur ullam.', 'Shana Ullrich', '', '2023-07-24 04:43:59', '2023-07-24 04:43:59'),
	(542, 'Et et qui dolores minus reprehenderit quisquam.', 'Tamia Ritchie', '', '2023-07-24 04:43:59', '2023-07-24 04:43:59'),
	(543, 'Sed eum ut sit iusto.', 'Korey Quigley', '', '2023-07-24 04:43:59', '2023-07-24 04:43:59'),
	(544, 'Voluptatum id et nobis ea nemo porro voluptatem.', 'Alexa Abbott', '', '2023-07-24 04:43:59', '2023-07-24 04:43:59'),
	(545, 'Accusantium aut voluptas esse quis nulla velit.', 'Ervin Pouros', '', '2023-07-24 04:43:59', '2023-07-24 04:43:59'),
	(546, 'Voluptatum necessitatibus molestiae ipsum dolor.', 'Domenica Marks', '', '2023-07-24 04:43:59', '2023-07-24 04:43:59'),
	(547, 'Dicta nemo ab odio rem debitis.', 'Ed Towne', '', '2023-07-24 04:43:59', '2023-07-24 04:43:59'),
	(548, 'Harum et nobis tempore quis nesciunt saepe est.', 'Alexandro Metz', '', '2023-07-24 04:43:59', '2023-07-24 04:43:59'),
	(549, 'Ut similique aut officiis quis soluta expedita.', 'Kevin Buckridge', '', '2023-07-24 04:43:59', '2023-07-24 04:43:59'),
	(550, 'Aut voluptate distinctio in.', 'Katrina Medhurst', '', '2023-07-24 04:43:59', '2023-07-24 04:43:59'),
	(551, 'Impedit error dignissimos sunt.', 'General Bahringer', '', '2023-07-24 04:43:59', '2023-07-24 04:43:59'),
	(552, 'Ab deserunt voluptas sit eos aut quia dolor.', 'Miss Alena Lindgren V', '', '2023-07-24 04:43:59', '2023-07-24 04:43:59'),
	(553, 'Aut dolores aut amet maxime aspernatur sit.', 'Ole Stracke', '', '2023-07-24 04:43:59', '2023-07-24 04:43:59'),
	(554, 'Est enim voluptatem ratione eum et reiciendis quasi.', 'Edythe Jast', '', '2023-07-24 04:43:59', '2023-07-24 04:43:59'),
	(555, 'Ex sed aut animi est maiores iste rerum.', 'Wyman Murphy', '', '2023-07-24 04:43:59', '2023-07-24 04:43:59'),
	(556, 'Aut occaecati tenetur qui sit assumenda consectetur.', 'Mossie Roob', '', '2023-07-24 04:43:59', '2023-07-24 04:43:59'),
	(557, 'Assumenda iste repellendus saepe.', 'Mason McDermott', '', '2023-07-24 04:43:59', '2023-07-24 04:43:59'),
	(558, 'Laborum voluptate nihil magni rerum eaque et.', 'Mrs. Arianna Kemmer', '', '2023-07-24 04:43:59', '2023-07-24 04:43:59'),
	(559, 'Exercitationem est est voluptatem magni aut.', 'Sylvester Grant', '', '2023-07-24 04:43:59', '2023-07-24 04:43:59'),
	(560, 'Doloribus quo ab consequuntur quaerat omnis quam in.', 'Dr. Anastasia Reilly', '', '2023-07-24 04:43:59', '2023-07-24 04:43:59'),
	(561, 'Laboriosam magnam dicta necessitatibus omnis nam illo ipsum dolorem.', 'Brayan Hermiston', '', '2023-07-24 04:43:59', '2023-07-24 04:43:59'),
	(562, 'Harum quis et explicabo.', 'Guillermo Reichel III', '', '2023-07-24 04:43:59', '2023-07-24 04:43:59'),
	(563, 'Sed exercitationem et officiis hic aspernatur maxime sint rerum.', 'Lelah Barton', '', '2023-07-24 04:43:59', '2023-07-24 04:43:59'),
	(564, 'Rem vero quaerat ea illo et repudiandae.', 'Theresa Schaefer', '', '2023-07-24 04:43:59', '2023-07-24 04:43:59'),
	(565, 'Beatae eaque dolores minus quaerat totam praesentium iste impedit.', 'Skylar Mosciski', '', '2023-07-24 04:43:59', '2023-07-24 04:43:59'),
	(566, 'Fugit aut quas fuga placeat aut repellendus dignissimos.', 'Miss Tabitha Mills', '', '2023-07-24 04:43:59', '2023-07-24 04:43:59'),
	(567, 'Ut molestiae porro quod natus blanditiis minima.', 'Ms. Loraine Gutkowski', '', '2023-07-24 04:43:59', '2023-07-24 04:43:59'),
	(568, 'Illum dolores saepe non officia.', 'Terrence Renner', '', '2023-07-24 04:43:59', '2023-07-24 04:43:59'),
	(569, 'Possimus accusantium distinctio et accusantium incidunt reprehenderit aliquam.', 'Willis Parker', '', '2023-07-24 04:43:59', '2023-07-24 04:43:59'),
	(570, 'Eligendi earum dolorem excepturi et rerum.', 'Marisol Boyer', '', '2023-07-24 04:43:59', '2023-07-24 04:43:59'),
	(571, 'Et veniam provident nostrum in.', 'Florida Streich', '', '2023-07-24 04:43:59', '2023-07-24 04:43:59'),
	(572, 'Sed dolorum est ratione sequi vel quibusdam.', 'Lisa Kutch', '', '2023-07-24 04:43:59', '2023-07-24 04:43:59'),
	(573, 'Eius quas necessitatibus odit sit enim est omnis aut.', 'Ulices Gerlach', '', '2023-07-24 04:43:59', '2023-07-24 04:43:59'),
	(574, 'Explicabo minima omnis quo et repellendus placeat iste.', 'Kody Rempel', '', '2023-07-24 04:43:59', '2023-07-24 04:43:59'),
	(575, 'Sint aut voluptatem sit mollitia.', 'Timmothy Weber', '', '2023-07-24 04:43:59', '2023-07-24 04:43:59'),
	(576, 'Animi est in et placeat asperiores pariatur.', 'Belle Halvorson', '', '2023-07-24 04:43:59', '2023-07-24 04:43:59'),
	(577, 'Iure minima cum enim.', 'Prof. Rosalind Beer V', '', '2023-07-24 04:43:59', '2023-07-24 04:43:59'),
	(578, 'Eius modi exercitationem minima vel aut.', 'Prof. Viviane Conn', '', '2023-07-24 04:43:59', '2023-07-24 04:43:59'),
	(579, 'Laboriosam blanditiis quaerat magnam nostrum enim facilis quia.', 'Bernhard Stokes', '', '2023-07-24 04:43:59', '2023-07-24 04:43:59'),
	(580, 'Asperiores cum id similique dolorum esse unde et.', 'Mr. Judge Waelchi', '', '2023-07-24 04:43:59', '2023-07-24 04:43:59'),
	(581, 'Sunt aut consequatur tempora error ab fugiat impedit.', 'Lavon Denesik', '', '2023-07-24 04:43:59', '2023-07-24 04:43:59'),
	(582, 'Molestiae voluptate ut illo labore omnis.', 'Heber Boyer', '', '2023-07-24 04:43:59', '2023-07-24 04:43:59'),
	(583, 'Perferendis commodi vero autem velit temporibus expedita.', 'Mrs. Marcelina Marquardt II', '', '2023-07-24 04:43:59', '2023-07-24 04:43:59'),
	(584, 'Repellat aut suscipit aliquam quia dicta sit.', 'Pete Stamm', '', '2023-07-24 04:43:59', '2023-07-24 04:43:59'),
	(585, 'Est occaecati quidem sed magni repellendus repudiandae aut.', 'Tania Jacobi V', '', '2023-07-24 04:43:59', '2023-07-24 04:43:59'),
	(586, 'Quod impedit quis quia autem.', 'Dr. Felicia Gutmann I', '', '2023-07-24 04:43:59', '2023-07-24 04:43:59'),
	(587, 'Velit et voluptas temporibus alias nisi.', 'Steve Macejkovic', '', '2023-07-24 04:43:59', '2023-07-24 04:43:59'),
	(588, 'A qui numquam provident doloremque sint eum sequi suscipit.', 'Hilton Bosco PhD', '', '2023-07-24 04:43:59', '2023-07-24 04:43:59'),
	(589, 'Voluptas similique rerum commodi est sequi sed repellendus.', 'Isidro Koch', '', '2023-07-24 04:43:59', '2023-07-24 04:43:59'),
	(590, 'Fugiat pariatur nam sapiente aliquam consectetur voluptates atque.', 'Julie Kerluke', '', '2023-07-24 04:43:59', '2023-07-24 04:43:59'),
	(591, 'Enim accusantium facilis voluptatem molestias ducimus in.', 'Armani Bernhard III', '', '2023-07-24 04:43:59', '2023-07-24 04:43:59'),
	(592, 'Voluptatem culpa omnis asperiores deserunt aut assumenda laboriosam.', 'Mae Luettgen', '', '2023-07-24 04:43:59', '2023-07-24 04:43:59'),
	(593, 'Sint velit nulla quibusdam sed.', 'Dr. Lura Kiehn DDS', '', '2023-07-24 04:43:59', '2023-07-24 04:43:59'),
	(594, 'Debitis qui molestiae ex et aut dolorum.', 'Dr. Marcel Wyman DDS', '', '2023-07-24 04:43:59', '2023-07-24 04:43:59'),
	(595, 'Est at dolores unde sed ut sequi nostrum.', 'Hyman Koss', '', '2023-07-24 04:43:59', '2023-07-24 04:43:59'),
	(596, 'Aut et sunt esse corrupti.', 'Vladimir Swift', '', '2023-07-24 04:43:59', '2023-07-24 04:43:59'),
	(597, 'Nostrum harum sint ad dignissimos ex molestias sunt.', 'Peter Daugherty', '', '2023-07-24 04:43:59', '2023-07-24 04:43:59'),
	(598, 'Tempora similique dolores aut qui eos debitis.', 'Prof. Jerry Wilkinson DVM', '', '2023-07-24 04:43:59', '2023-07-24 04:43:59'),
	(599, 'Alias veritatis saepe est sit quos totam.', 'Ms. Karlee Zemlak', '', '2023-07-24 04:43:59', '2023-07-24 04:43:59'),
	(600, 'Alias asperiores vel est.', 'Delfina Beatty', '', '2023-07-24 04:43:59', '2023-07-24 04:43:59'),
	(601, 'Qui ut reiciendis maiores ea quia.', 'Neoma Graham', '', '2023-07-24 04:43:59', '2023-07-24 04:43:59'),
	(602, 'Consequatur et optio reiciendis qui laudantium totam.', 'Mr. Edward Howell', '', '2023-07-24 04:43:59', '2023-07-24 04:43:59'),
	(603, 'Officia et iusto exercitationem voluptate eos aperiam.', 'Sim Nienow', '', '2023-07-24 04:43:59', '2023-07-24 04:43:59'),
	(604, 'Ut nam porro optio ipsum error.', 'Krista Nader DDS', '', '2023-07-24 04:43:59', '2023-07-24 04:43:59'),
	(605, 'Ea possimus voluptatem ut voluptatem similique a.', 'Mr. Erling Roob Sr.', '', '2023-07-24 04:43:59', '2023-07-24 04:43:59'),
	(606, 'Eum fugiat sint aliquam dolor.', 'Prince Stokes', '', '2023-07-24 04:43:59', '2023-07-24 04:43:59'),
	(607, 'Impedit laborum sed iure et doloremque quia deserunt qui.', 'Delfina Bosco', '', '2023-07-24 04:43:59', '2023-07-24 04:43:59'),
	(608, 'Ipsa dolor totam quibusdam eligendi consequuntur.', 'Mr. Watson Spencer II', '', '2023-07-24 04:43:59', '2023-07-24 04:43:59'),
	(609, 'Nihil eveniet est ad sint.', 'Mr. Vincenzo Schmeler II', '', '2023-07-24 04:43:59', '2023-07-24 04:43:59'),
	(610, 'Aliquam ut corrupti rerum blanditiis et id.', 'Prof. Katrine Kunde V', '', '2023-07-24 04:43:59', '2023-07-24 04:43:59'),
	(611, 'Alias illo aliquid ex inventore.', 'Monique Zieme', '', '2023-07-24 04:43:59', '2023-07-24 04:43:59'),
	(612, 'Animi eaque quia rerum.', 'Florence Schiller', '', '2023-07-24 04:43:59', '2023-07-24 04:43:59'),
	(613, 'Corrupti totam quidem odio ullam reprehenderit explicabo.', 'Leann O\'Connell DDS', '', '2023-07-24 04:43:59', '2023-07-24 04:43:59'),
	(614, 'Eos delectus qui voluptatibus sunt cumque illum delectus.', 'Ms. Kyla Emard I', '', '2023-07-24 04:43:59', '2023-07-24 04:43:59'),
	(615, 'Velit dolore laborum quia earum.', 'Dr. Colin Grady IV', '', '2023-07-24 04:43:59', '2023-07-24 04:43:59'),
	(616, 'Aut minus ullam impedit at qui mollitia.', 'Miss Libby Schimmel Jr.', '', '2023-07-24 04:43:59', '2023-07-24 04:43:59'),
	(617, 'Molestiae ut facilis incidunt est omnis et ratione sint.', 'Mr. Tyrell Dietrich Sr.', '', '2023-07-24 04:43:59', '2023-07-24 04:43:59'),
	(618, 'Suscipit eum rerum sed perferendis aliquid aliquam qui.', 'Prof. Cristina Connelly', '', '2023-07-24 04:43:59', '2023-07-24 04:43:59'),
	(619, 'Voluptatibus eaque et modi.', 'Dr. Trevor D\'Amore', '', '2023-07-24 04:43:59', '2023-07-24 04:43:59'),
	(620, 'Nulla nisi magni et sunt aliquid maxime.', 'Markus Satterfield I', '', '2023-07-24 04:43:59', '2023-07-24 04:43:59'),
	(621, 'Modi aliquid consequatur omnis et.', 'Magali Koch I', '', '2023-07-24 04:43:59', '2023-07-24 04:43:59'),
	(622, 'Incidunt eos odit sapiente aut.', 'Earnest Olson PhD', '', '2023-07-24 04:43:59', '2023-07-24 04:43:59'),
	(623, 'Cumque mollitia quam aut sapiente natus aliquam magni.', 'Dr. Israel Medhurst', '', '2023-07-24 04:43:59', '2023-07-24 04:43:59'),
	(624, 'Molestiae voluptatum velit porro aut quae quasi.', 'Eloisa Weissnat', '', '2023-07-24 04:43:59', '2023-07-24 04:43:59'),
	(625, 'Ut aperiam eligendi placeat nam iste.', 'Jana Zieme', '', '2023-07-24 04:43:59', '2023-07-24 04:43:59'),
	(626, 'Impedit architecto a eum minus sit sunt.', 'Heath Doyle', '', '2023-07-24 04:43:59', '2023-07-24 04:43:59'),
	(627, 'Cum quis quia qui vero labore aliquid perspiciatis.', 'Madge Smitham', '', '2023-07-24 04:43:59', '2023-07-24 04:43:59'),
	(628, 'Sunt cupiditate est sequi quibusdam velit.', 'Austyn Schroeder', '', '2023-07-24 04:43:59', '2023-07-24 04:43:59'),
	(629, 'Nemo voluptas voluptatem quas sed eum quibusdam nemo.', 'Tyson Kuhn III', '', '2023-07-24 04:43:59', '2023-07-24 04:43:59'),
	(630, 'Laborum minima voluptatem et est quia.', 'Prof. Alden Mraz Jr.', '', '2023-07-24 04:43:59', '2023-07-24 04:43:59'),
	(631, 'Repudiandae veniam harum eligendi quia ratione voluptatem suscipit quae.', 'Dr. Buford Smitham', '', '2023-07-24 04:43:59', '2023-07-24 04:43:59'),
	(632, 'Ipsa inventore temporibus quaerat est et.', 'Elwyn Johns', '', '2023-07-24 04:43:59', '2023-07-24 04:43:59'),
	(633, 'Velit id consequatur qui voluptatem sit rerum ut.', 'Zoila Moore DVM', '', '2023-07-24 04:43:59', '2023-07-24 04:43:59'),
	(634, 'Iusto laboriosam minima dolores.', 'Prof. Lafayette Wilkinson', '', '2023-07-24 04:43:59', '2023-07-24 04:43:59'),
	(635, 'Officiis doloribus quod necessitatibus qui aperiam.', 'Shana Rice Sr.', '', '2023-07-24 04:43:59', '2023-07-24 04:43:59'),
	(636, 'Quis cupiditate in fugit id explicabo inventore beatae.', 'Madyson Buckridge', '', '2023-07-24 04:43:59', '2023-07-24 04:43:59'),
	(637, 'Est qui sint fugiat maxime cupiditate eveniet.', 'Thad O\'Keefe', '', '2023-07-24 04:43:59', '2023-07-24 04:43:59'),
	(638, 'Est provident ipsum totam unde vel eius eveniet quos.', 'Vernie Lockman', '', '2023-07-24 04:43:59', '2023-07-24 04:43:59'),
	(639, 'Iure ratione delectus rem iusto pariatur tenetur.', 'Gilbert O\'Kon', '', '2023-07-24 04:43:59', '2023-07-24 04:43:59'),
	(640, 'Placeat omnis quia ut quod ad.', 'Mr. Soledad Hermann', '', '2023-07-24 04:43:59', '2023-07-24 04:43:59'),
	(641, 'Repudiandae nam accusamus pariatur eligendi doloremque eum beatae.', 'Dr. Courtney Marks V', '', '2023-07-24 04:43:59', '2023-07-24 04:43:59'),
	(642, 'Sapiente id natus voluptatem atque et sapiente.', 'Emery Bode', '', '2023-07-24 04:43:59', '2023-07-24 04:43:59'),
	(643, 'Adipisci ratione voluptatum eligendi enim vero.', 'Russel Krajcik', '', '2023-07-24 04:43:59', '2023-07-24 04:43:59'),
	(644, 'Sed eum ut doloribus dolores itaque.', 'Barbara Ullrich', '', '2023-07-24 04:43:59', '2023-07-24 04:43:59'),
	(645, 'Esse excepturi tempora sint error reiciendis quo quod nihil.', 'Eulalia O\'Kon DDS', '', '2023-07-24 04:43:59', '2023-07-24 04:43:59'),
	(646, 'Ipsum maiores provident repellat aperiam architecto.', 'Lexie Berge', '', '2023-07-24 04:43:59', '2023-07-24 04:43:59'),
	(647, 'Voluptas molestiae vitae temporibus incidunt molestias laborum.', 'Laurine Schumm', '', '2023-07-24 04:43:59', '2023-07-24 04:43:59'),
	(648, 'Consectetur incidunt et quia ratione.', 'Casey Greenfelder', '', '2023-07-24 04:43:59', '2023-07-24 04:43:59'),
	(649, 'Incidunt nisi inventore voluptatibus.', 'Mitchel Hoeger', '', '2023-07-24 04:43:59', '2023-07-24 04:43:59'),
	(650, 'Error ut non praesentium.', 'Ms. Aubrey Tremblay', '', '2023-07-24 04:43:59', '2023-07-24 04:43:59'),
	(651, 'Laudantium repellendus omnis sapiente sed voluptate.', 'Dr. Jaylin Kreiger', '', '2023-07-24 04:43:59', '2023-07-24 04:43:59'),
	(652, 'Asperiores ipsam quia minima tempore.', 'Gustave Breitenberg', '', '2023-07-24 04:43:59', '2023-07-24 04:43:59'),
	(653, 'Labore iste reprehenderit eius qui ut voluptatem veniam animi.', 'Susan Ernser', '', '2023-07-24 04:43:59', '2023-07-24 04:43:59'),
	(654, 'Ullam rerum rerum et harum.', 'Mr. Kody Turner II', '', '2023-07-24 04:43:59', '2023-07-24 04:43:59'),
	(655, 'Ut vitae corporis voluptatem deserunt nesciunt architecto voluptatem.', 'Jamir Waters IV', '', '2023-07-24 04:43:59', '2023-07-24 04:43:59'),
	(656, 'Doloremque et amet inventore culpa rerum temporibus et quia.', 'Stacy Champlin Jr.', '', '2023-07-24 04:43:59', '2023-07-24 04:43:59'),
	(657, 'Quo alias aut consequuntur voluptates.', 'Tatyana Hyatt', '', '2023-07-24 04:43:59', '2023-07-24 04:43:59'),
	(658, 'Blanditiis in debitis magnam.', 'Keaton Rosenbaum', '', '2023-07-24 04:43:59', '2023-07-24 04:43:59'),
	(659, 'Repudiandae minus fugiat possimus consequatur nostrum sit totam.', 'Monroe Reilly', '', '2023-07-24 04:43:59', '2023-07-24 04:43:59'),
	(660, 'Error ut accusamus debitis natus impedit consequuntur cum.', 'Mr. Zachariah Kilback Sr.', '', '2023-07-24 04:43:59', '2023-07-24 04:43:59'),
	(661, 'Dolor provident voluptatem expedita quisquam culpa dignissimos.', 'Mortimer Marvin', '', '2023-07-24 04:43:59', '2023-07-24 04:43:59'),
	(662, 'Harum odit voluptate dignissimos dolorum id aliquid.', 'Mr. Newell Collins', '', '2023-07-24 04:43:59', '2023-07-24 04:43:59'),
	(663, 'Cumque est modi modi iure ea.', 'Aaron Hodkiewicz Jr.', '', '2023-07-24 04:43:59', '2023-07-24 04:43:59'),
	(664, 'Eum voluptas suscipit et sunt.', 'Jed Reichert', '', '2023-07-24 04:43:59', '2023-07-24 04:43:59'),
	(665, 'Sunt sequi magni voluptatem.', 'Jody Cormier', '', '2023-07-24 04:43:59', '2023-07-24 04:43:59'),
	(666, 'Ea dolores placeat earum.', 'Bernadette Gorczany', '', '2023-07-24 04:43:59', '2023-07-24 04:43:59'),
	(667, 'Iure cum enim nulla et omnis inventore.', 'Anderson Goldner', '', '2023-07-24 04:43:59', '2023-07-24 04:43:59'),
	(668, 'Iusto odio ut aut tempora iste consequatur rem.', 'Anahi Stracke', '', '2023-07-24 04:43:59', '2023-07-24 04:43:59'),
	(669, 'Neque esse laudantium repudiandae est error amet eius eum.', 'Cierra Quigley', '', '2023-07-24 04:43:59', '2023-07-24 04:43:59'),
	(670, 'Laborum recusandae fugiat aspernatur eos dicta fugit nihil quo.', 'Miss Eldridge Rowe II', '', '2023-07-24 04:43:59', '2023-07-24 04:43:59'),
	(671, 'Quo qui similique nihil id.', 'Prof. Henderson Bartoletti', '', '2023-07-24 04:43:59', '2023-07-24 04:43:59'),
	(672, 'Eligendi aut facere pariatur cum mollitia aut.', 'Jermaine Kreiger', '', '2023-07-24 04:43:59', '2023-07-24 04:43:59'),
	(673, 'Omnis consequatur expedita corporis.', 'Paige Harvey PhD', '', '2023-07-24 04:43:59', '2023-07-24 04:43:59'),
	(674, 'Vero sit labore et magni ut qui.', 'Jefferey Hoeger', '', '2023-07-24 04:43:59', '2023-07-24 04:43:59'),
	(675, 'Sit qui non commodi nesciunt aut velit.', 'Jany Corkery', '', '2023-07-24 04:43:59', '2023-07-24 04:43:59'),
	(676, 'Unde perferendis rerum dicta non.', 'Prof. Tabitha Heaney PhD', '', '2023-07-24 04:43:59', '2023-07-24 04:43:59'),
	(677, 'Placeat delectus natus ullam dolores neque.', 'Noemi Beier', '', '2023-07-24 04:43:59', '2023-07-24 04:43:59'),
	(678, 'Est sit autem distinctio dolor qui voluptatem eligendi occaecati.', 'Keira Anderson', '', '2023-07-24 04:43:59', '2023-07-24 04:43:59'),
	(679, 'In ipsa est molestias atque id est.', 'Napoleon Hane', '', '2023-07-24 04:43:59', '2023-07-24 04:43:59'),
	(680, 'Nulla et rerum molestias rem harum omnis.', 'Alexander Adams', '', '2023-07-24 04:43:59', '2023-07-24 04:43:59'),
	(681, 'Eius odit sit omnis nemo.', 'Abdullah Stroman DVM', '', '2023-07-24 04:43:59', '2023-07-24 04:43:59'),
	(682, 'Aut ipsum ipsa blanditiis iure et quisquam.', 'Tre Mueller', '', '2023-07-24 04:43:59', '2023-07-24 04:43:59'),
	(683, 'Et id illum velit accusamus ut sed.', 'Tina Gleason', '', '2023-07-24 04:43:59', '2023-07-24 04:43:59'),
	(684, 'Voluptatem repellendus omnis eum molestiae incidunt ratione in.', 'Joany Mraz', '', '2023-07-24 04:43:59', '2023-07-24 04:43:59'),
	(685, 'Pariatur iste nesciunt culpa eaque aperiam.', 'Rashad VonRueden', '', '2023-07-24 04:43:59', '2023-07-24 04:43:59'),
	(686, 'Ducimus nobis nisi atque qui cum.', 'Krystina Reynolds', '', '2023-07-24 04:43:59', '2023-07-24 04:43:59'),
	(687, 'Dolore ut aut sit.', 'Pete Wuckert', '', '2023-07-24 04:43:59', '2023-07-24 04:43:59'),
	(688, 'Sunt sunt consequuntur id molestias modi.', 'Nathanael Mitchell', '', '2023-07-24 04:43:59', '2023-07-24 04:43:59'),
	(689, 'Odio et veniam dolorem dicta.', 'Dannie Lindgren', '', '2023-07-24 04:43:59', '2023-07-24 04:43:59'),
	(690, 'Culpa dolores quia sunt reprehenderit officia.', 'Aida Cremin II', '', '2023-07-24 04:44:00', '2023-07-24 04:44:00'),
	(691, 'Nostrum voluptate veritatis id est laborum.', 'Elena Ullrich', '', '2023-07-24 04:44:00', '2023-07-24 04:44:00'),
	(692, 'Officiis eum eius et.', 'Dr. Elouise Krajcik Sr.', '', '2023-07-24 04:44:00', '2023-07-24 04:44:00'),
	(693, 'Pariatur vitae ratione molestiae voluptatibus dolor est.', 'Prof. Reva Sipes Sr.', '', '2023-07-24 04:44:00', '2023-07-24 04:44:00'),
	(694, 'Distinctio alias est facilis quos accusamus.', 'Mohammad Hirthe', '', '2023-07-24 04:44:00', '2023-07-24 04:44:00'),
	(695, 'Rem qui quis veritatis in voluptas fugiat eaque.', 'Prof. Alanis Turner', '', '2023-07-24 04:44:00', '2023-07-24 04:44:00'),
	(696, 'Tempora cum nihil saepe et aut.', 'Dana Kilback Sr.', '', '2023-07-24 04:44:00', '2023-07-24 04:44:00'),
	(697, 'Molestiae consequuntur in consequatur eum.', 'Melyssa Schultz DDS', '', '2023-07-24 04:44:00', '2023-07-24 04:44:00'),
	(698, 'Aut sunt corrupti totam ducimus ut voluptatem temporibus.', 'Mitchell DuBuque', '', '2023-07-24 04:44:00', '2023-07-24 04:44:00'),
	(699, 'Nulla aut ea omnis praesentium qui.', 'Ms. Hortense Schiller', '', '2023-07-24 04:44:00', '2023-07-24 04:44:00'),
	(700, 'Incidunt accusamus consectetur nam in.', 'Dr. William Abbott Sr.', '', '2023-07-24 04:44:00', '2023-07-24 04:44:00'),
	(701, 'Esse qui voluptate ut dolorem velit quibusdam modi.', 'Marisa Strosin', '', '2023-07-24 04:44:00', '2023-07-24 04:44:00'),
	(702, 'Provident cum vitae qui nulla aliquid.', 'Dr. Dimitri Daniel', '', '2023-07-24 04:44:00', '2023-07-24 04:44:00'),
	(703, 'Excepturi facere alias voluptatum fuga iste aperiam.', 'Claudia Halvorson', '', '2023-07-24 04:44:00', '2023-07-24 04:44:00'),
	(704, 'Dolore ut sunt ut debitis.', 'Jordy Braun', '', '2023-07-24 04:44:00', '2023-07-24 04:44:00'),
	(705, 'Adipisci veritatis ex accusamus et excepturi.', 'Jordy Hayes', '', '2023-07-24 04:44:00', '2023-07-24 04:44:00'),
	(706, 'Ipsa voluptate voluptatum illum est veritatis dolores.', 'Augustine Leffler', '', '2023-07-24 04:44:00', '2023-07-24 04:44:00'),
	(707, 'Doloribus vitae animi ab nostrum et.', 'Shaylee Hyatt', '', '2023-07-24 04:44:00', '2023-07-24 04:44:00'),
	(708, 'Sed vel tenetur tempora sunt reprehenderit provident.', 'Dr. Mayra Gibson III', '', '2023-07-24 04:44:00', '2023-07-24 04:44:00'),
	(709, 'Aspernatur et enim distinctio voluptatum iusto alias.', 'Creola Rodriguez IV', '', '2023-07-24 04:44:00', '2023-07-24 04:44:00'),
	(710, 'Assumenda in rerum et et velit dolores.', 'Dr. Nakia Schultz Sr.', '', '2023-07-24 04:44:00', '2023-07-24 04:44:00'),
	(711, 'Assumenda consequatur qui maiores aut omnis beatae eos.', 'Kyle Emmerich I', '', '2023-07-24 04:44:00', '2023-07-24 04:44:00'),
	(712, 'Debitis voluptatem quia hic rerum voluptatem odio.', 'Kira Gutkowski MD', '', '2023-07-24 04:44:00', '2023-07-24 04:44:00'),
	(713, 'Praesentium eos non ut nihil cumque nisi aliquam.', 'Kiana Connelly', '', '2023-07-24 04:44:00', '2023-07-24 04:44:00'),
	(714, 'Fugiat facilis inventore odit dolor animi nesciunt.', 'Roma Tromp', '', '2023-07-24 04:44:00', '2023-07-24 04:44:00'),
	(715, 'Laborum ex est tempora sunt voluptas tempora aspernatur.', 'Alison Gerhold', '', '2023-07-24 04:44:00', '2023-07-24 04:44:00'),
	(716, 'Eum id eos ut ipsum ullam corporis in animi.', 'Grover Brown', '', '2023-07-24 04:44:00', '2023-07-24 04:44:00'),
	(717, 'Velit dolorem rerum doloribus omnis ducimus quisquam.', 'Davon Wisozk', '', '2023-07-24 04:44:00', '2023-07-24 04:44:00'),
	(718, 'Aliquam rerum voluptatem aut voluptatem quia.', 'Dr. Jed Kerluke', '', '2023-07-24 04:44:00', '2023-07-24 04:44:00'),
	(719, 'Nisi expedita repudiandae quidem quae.', 'Jolie Murazik', '', '2023-07-24 04:44:00', '2023-07-24 04:44:00'),
	(720, 'Quae ducimus et nihil tenetur possimus consequatur aut.', 'Ayla Gibson Sr.', '', '2023-07-24 04:44:00', '2023-07-24 04:44:00'),
	(721, 'Debitis rerum necessitatibus unde velit.', 'Mr. Isai Green Jr.', '', '2023-07-24 04:44:00', '2023-07-24 04:44:00'),
	(722, 'Aperiam ut rem iusto quam magni.', 'Gerhard Mann', '', '2023-07-24 04:44:00', '2023-07-24 04:44:00'),
	(723, 'Enim quia aut libero omnis quam enim sit.', 'Uriah Dickens I', '', '2023-07-24 04:44:00', '2023-07-24 04:44:00'),
	(724, 'A ex et autem ipsum nostrum non officiis aperiam.', 'Crystel Rodriguez V', '', '2023-07-24 04:44:00', '2023-07-24 04:44:00'),
	(725, 'Non iusto praesentium inventore quisquam et culpa.', 'Jamaal Kris', '', '2023-07-24 04:44:00', '2023-07-24 04:44:00'),
	(726, 'Et nam dolores rem possimus quam.', 'Flo Pollich Sr.', '', '2023-07-24 04:44:00', '2023-07-24 04:44:00'),
	(727, 'Deleniti odio et nisi provident occaecati est.', 'Willow Simonis I', '', '2023-07-24 04:44:00', '2023-07-24 04:44:00'),
	(728, 'Nesciunt quaerat aut molestias maiores doloremque.', 'Isaias Stracke', '', '2023-07-24 04:44:00', '2023-07-24 04:44:00'),
	(729, 'Consequatur et consequatur repellat inventore.', 'Mr. Barrett Ledner PhD', '', '2023-07-24 04:44:00', '2023-07-24 04:44:00'),
	(730, 'Pariatur rem veritatis nam ut saepe.', 'Oren Bradtke', '', '2023-07-24 04:44:00', '2023-07-24 04:44:00'),
	(731, 'Ea a exercitationem atque eligendi amet voluptatem totam.', 'Alena Bauch', '', '2023-07-24 04:44:00', '2023-07-24 04:44:00'),
	(732, 'Molestias consequatur sed est aliquam.', 'Gerson Torp', '', '2023-07-24 04:44:00', '2023-07-24 04:44:00'),
	(733, 'Est sint laudantium aliquid dolores maiores rerum.', 'Selena Howell', '', '2023-07-24 04:44:00', '2023-07-24 04:44:00'),
	(734, 'Et at molestiae sed magni.', 'Vicente Hoeger', '', '2023-07-24 04:44:00', '2023-07-24 04:44:00'),
	(735, 'Illo aut et unde rerum.', 'Hannah Mertz', '', '2023-07-24 04:44:00', '2023-07-24 04:44:00'),
	(736, 'Vel sed voluptas vitae consequuntur et laudantium.', 'Mr. Casey Collier', '', '2023-07-24 04:44:00', '2023-07-24 04:44:00'),
	(737, 'Officia nihil consectetur perferendis dolores.', 'Etha Beatty', '', '2023-07-24 04:44:00', '2023-07-24 04:44:00'),
	(738, 'Eum recusandae voluptas blanditiis earum consectetur aut.', 'Prof. Breanna Wintheiser PhD', '', '2023-07-24 04:44:00', '2023-07-24 04:44:00'),
	(739, 'Praesentium accusamus sed similique nam quidem veniam non.', 'Geovanni Hansen', '', '2023-07-24 04:44:00', '2023-07-24 04:44:00'),
	(740, 'Enim voluptas magni tempora.', 'Claire Walker I', '', '2023-07-24 04:44:00', '2023-07-24 04:44:00'),
	(741, 'Voluptatem ratione iure qui.', 'Helmer White', '', '2023-07-24 04:44:00', '2023-07-24 04:44:00'),
	(742, 'Ut voluptas natus vel porro.', 'Dr. Darren Lesch', '', '2023-07-24 04:44:00', '2023-07-24 04:44:00'),
	(743, 'Enim perferendis laudantium optio ab est quod dolorum.', 'Dr. Griffin Wintheiser DDS', '', '2023-07-24 04:44:00', '2023-07-24 04:44:00'),
	(744, 'Iste eaque dolorem perferendis qui quia quam.', 'Shanon Schoen DVM', '', '2023-07-24 04:44:00', '2023-07-24 04:44:00'),
	(745, 'Ut minus deserunt optio nihil eligendi minus.', 'Frederik Mayer', '', '2023-07-24 04:44:00', '2023-07-24 04:44:00'),
	(746, 'Ea aut aliquam deleniti incidunt.', 'Kaelyn Haag', '', '2023-07-24 04:44:00', '2023-07-24 04:44:00'),
	(747, 'Eos quas explicabo ab tenetur sit perferendis expedita.', 'Nikki Hyatt', '', '2023-07-24 04:44:00', '2023-07-24 04:44:00'),
	(748, 'Fuga quia nesciunt possimus illum repudiandae.', 'Melba Ondricka', '', '2023-07-24 04:44:00', '2023-07-24 04:44:00'),
	(749, 'Debitis nihil officia ab totam expedita.', 'Jan Stark', '', '2023-07-24 04:44:00', '2023-07-24 04:44:00'),
	(750, 'Voluptatem recusandae sunt nihil dicta.', 'Lina Kiehn', '', '2023-07-24 04:44:00', '2023-07-24 04:44:00'),
	(751, 'Consequatur dolor ullam expedita qui deleniti ad.', 'Nicole Bechtelar PhD', '', '2023-07-24 04:44:00', '2023-07-24 04:44:00'),
	(752, 'Veniam quod et dolorem dolore tempora praesentium enim id.', 'Dr. General Stokes', '', '2023-07-24 04:44:00', '2023-07-24 04:44:00'),
	(753, 'Eveniet saepe molestiae distinctio quia nemo omnis iure.', 'Violette Breitenberg', '', '2023-07-24 04:44:00', '2023-07-24 04:44:00'),
	(754, 'Iusto assumenda doloremque tempore officia minima et.', 'Dewayne Larkin', '', '2023-07-24 04:44:00', '2023-07-24 04:44:00'),
	(755, 'Sit accusantium quo sunt animi autem.', 'Laverna Hammes', '', '2023-07-24 04:44:00', '2023-07-24 04:44:00'),
	(756, 'Quis perferendis repudiandae explicabo dolores fuga.', 'Mr. Chadrick Koepp', '', '2023-07-24 04:44:00', '2023-07-24 04:44:00'),
	(757, 'Deleniti est perferendis cupiditate.', 'Alyson Rippin', '', '2023-07-24 04:44:00', '2023-07-24 04:44:00'),
	(758, 'Ea nihil et distinctio aspernatur voluptas quas.', 'Elody Abshire', '', '2023-07-24 04:44:00', '2023-07-24 04:44:00'),
	(759, 'Praesentium provident voluptatem non hic porro quia voluptatem ut.', 'Ms. Sydnie Cole', '', '2023-07-24 04:44:00', '2023-07-24 04:44:00'),
	(760, 'Aut quis fuga occaecati odio dolores.', 'Ms. Jany Feest PhD', '', '2023-07-24 04:44:00', '2023-07-24 04:44:00'),
	(761, 'Minima non distinctio cumque consequatur.', 'Ms. Jeanie Bins', '', '2023-07-24 04:44:00', '2023-07-24 04:44:00'),
	(762, 'Enim delectus omnis illo optio et velit ratione.', 'Carmella Sawayn', '', '2023-07-24 04:44:00', '2023-07-24 04:44:00'),
	(763, 'Maxime similique illo deleniti omnis et ad accusantium.', 'Mrs. Larissa Pollich', '', '2023-07-24 04:44:00', '2023-07-24 04:44:00'),
	(764, 'Est optio et non esse sed.', 'Stuart Rutherford', '', '2023-07-24 04:44:00', '2023-07-24 04:44:00'),
	(765, 'Iusto molestiae ea eum nesciunt mollitia perspiciatis.', 'Ms. Alda Hyatt', '', '2023-07-24 04:44:00', '2023-07-24 04:44:00'),
	(766, 'Laudantium mollitia sed deleniti ipsum quibusdam veritatis consequatur.', 'Elbert Armstrong', '', '2023-07-24 04:44:00', '2023-07-24 04:44:00'),
	(767, 'Iusto occaecati adipisci autem sint magni minus.', 'Dr. Pauline Kuvalis', '', '2023-07-24 04:44:00', '2023-07-24 04:44:00'),
	(768, 'Adipisci blanditiis est consectetur nesciunt.', 'Mozell Torp', '', '2023-07-24 04:44:00', '2023-07-24 04:44:00'),
	(769, 'Excepturi molestiae porro assumenda totam voluptate quasi quisquam ratione.', 'Kara Labadie', '', '2023-07-24 04:44:00', '2023-07-24 04:44:00'),
	(770, 'Consectetur quidem dolorem quia aperiam.', 'Eryn Thompson I', '', '2023-07-24 04:44:00', '2023-07-24 04:44:00'),
	(771, 'Et non ut consequatur earum possimus sint vel.', 'Michale Ebert', '', '2023-07-24 04:44:00', '2023-07-24 04:44:00'),
	(772, 'Non facere facere tempora voluptate dolore similique.', 'Dr. Oma Prosacco V', '', '2023-07-24 04:44:00', '2023-07-24 04:44:00'),
	(773, 'Deleniti veritatis natus exercitationem.', 'Miss Name Skiles III', '', '2023-07-24 04:44:00', '2023-07-24 04:44:00'),
	(774, 'Quam hic nesciunt et.', 'Mayra Block', '', '2023-07-24 04:44:00', '2023-07-24 04:44:00'),
	(775, 'Velit amet aliquid excepturi neque qui mollitia.', 'Erika Hoeger I', '', '2023-07-24 04:44:00', '2023-07-24 04:44:00'),
	(776, 'Temporibus laboriosam quae suscipit.', 'Vito Labadie', '', '2023-07-24 04:44:00', '2023-07-24 04:44:00'),
	(777, 'Consequuntur voluptatem quisquam et fugiat expedita sunt.', 'Bethany Carroll', '', '2023-07-24 04:44:00', '2023-07-24 04:44:00'),
	(778, 'Aut nulla voluptates dicta.', 'Mohammad Runolfsdottir', '', '2023-07-24 04:44:00', '2023-07-24 04:44:00'),
	(779, 'Totam et et est sed.', 'Silas Crist II', '', '2023-07-24 04:44:00', '2023-07-24 04:44:00'),
	(780, 'Distinctio similique qui ipsum voluptatem id.', 'Alize Hagenes', '', '2023-07-24 04:44:00', '2023-07-24 04:44:00'),
	(781, 'Harum tempore aut sunt aut laboriosam.', 'Prof. Jerrold Steuber IV', '', '2023-07-24 04:44:00', '2023-07-24 04:44:00'),
	(782, 'Qui veniam qui excepturi laborum.', 'Valerie Batz', '', '2023-07-24 04:44:00', '2023-07-24 04:44:00'),
	(783, 'Dolor veritatis modi illum omnis.', 'Mrs. Maritza Kuhic II', '', '2023-07-24 04:44:00', '2023-07-24 04:44:00'),
	(784, 'Alias nulla assumenda voluptatibus.', 'Ulices Marvin MD', '', '2023-07-24 04:44:00', '2023-07-24 04:44:00'),
	(785, 'Aliquam saepe ea eaque facilis sunt.', 'Arianna Zulauf', '', '2023-07-24 04:44:00', '2023-07-24 04:44:00'),
	(786, 'Quasi quisquam quis alias illo.', 'Elyssa Goodwin PhD', '', '2023-07-24 04:44:00', '2023-07-24 04:44:00'),
	(787, 'Temporibus accusantium ea dolorum accusantium.', 'Prof. Marquise Howell II', '', '2023-07-24 04:44:00', '2023-07-24 04:44:00'),
	(788, 'Facilis quasi incidunt quas sapiente quae quo voluptas.', 'Isabell Upton III', '', '2023-07-24 04:44:00', '2023-07-24 04:44:00'),
	(789, 'Et in sint est harum commodi nemo quis.', 'Bobby Windler', '', '2023-07-24 04:44:00', '2023-07-24 04:44:00'),
	(790, 'Quisquam quis et id iure sed est.', 'Virgie Gerlach', '', '2023-07-24 04:44:00', '2023-07-24 04:44:00'),
	(791, 'Officiis deserunt architecto quae.', 'Selina Murphy', '', '2023-07-24 04:44:00', '2023-07-24 04:44:00'),
	(792, 'Ut quasi molestiae saepe voluptatem magni ipsum id.', 'Lew Lind', '', '2023-07-24 04:44:00', '2023-07-24 04:44:00'),
	(793, 'Nesciunt veritatis maxime molestias omnis et.', 'Miss Jada Adams Jr.', '', '2023-07-24 04:44:00', '2023-07-24 04:44:00'),
	(794, 'Adipisci fugiat sint corporis provident.', 'Vivienne Upton', '', '2023-07-24 04:44:00', '2023-07-24 04:44:00'),
	(795, 'Sint veniam sed aut suscipit repellat voluptas.', 'Heber Buckridge', '', '2023-07-24 04:44:00', '2023-07-24 04:44:00'),
	(796, 'Cum voluptatibus rem aut vero inventore est consequatur.', 'Daniella Towne', '', '2023-07-24 04:44:00', '2023-07-24 04:44:00'),
	(797, 'Sapiente vel eligendi omnis iure accusantium.', 'Geo Raynor', '', '2023-07-24 04:44:00', '2023-07-24 04:44:00'),
	(798, 'Veritatis et est deleniti natus ea doloribus consequuntur.', 'Dulce Strosin', '', '2023-07-24 04:44:00', '2023-07-24 04:44:00'),
	(799, 'Ipsam ullam enim quo deleniti.', 'Dr. Roosevelt Durgan IV', '', '2023-07-24 04:44:00', '2023-07-24 04:44:00'),
	(800, 'Possimus omnis velit et nobis soluta non.', 'Kacie Stroman III', '', '2023-07-24 04:44:00', '2023-07-24 04:44:00'),
	(801, 'Qui in et ut.', 'Jeffry Hirthe', '', '2023-07-24 04:44:00', '2023-07-24 04:44:00'),
	(802, 'Blanditiis et ratione nulla rem perspiciatis.', 'Mrs. Lenna Walter', '', '2023-07-24 04:44:00', '2023-07-24 04:44:00'),
	(803, 'Consequuntur perferendis maiores dolor adipisci tenetur voluptatem fugit.', 'Laisha Russel', '', '2023-07-24 04:44:00', '2023-07-24 04:44:00'),
	(804, 'Rem ab at facere.', 'Johnpaul Shields', '', '2023-07-24 04:44:00', '2023-07-24 04:44:00'),
	(805, 'Vel aliquam eius incidunt accusantium nihil sit.', 'Mrs. Lucie Ernser', '', '2023-07-24 04:44:00', '2023-07-24 04:44:00'),
	(806, 'Rerum tempore magnam beatae quo quae.', 'Justina Crist', '', '2023-07-24 04:44:00', '2023-07-24 04:44:00'),
	(807, 'Dicta distinctio aut assumenda facilis aut ducimus possimus.', 'Lexi Franecki', '', '2023-07-24 04:44:00', '2023-07-24 04:44:00'),
	(808, 'Cum pariatur voluptas et beatae recusandae tenetur.', 'Prof. Clarissa Douglas V', '', '2023-07-24 04:44:00', '2023-07-24 04:44:00'),
	(809, 'Maxime et possimus veritatis sequi eius.', 'Dr. Everardo Abernathy', '', '2023-07-24 04:44:00', '2023-07-24 04:44:00'),
	(810, 'Quam voluptatem vitae reprehenderit qui ex perferendis qui.', 'Kelly Dietrich', '', '2023-07-24 04:44:00', '2023-07-24 04:44:00'),
	(811, 'Dignissimos sit voluptas magni illo.', 'Wilfred Lesch', '', '2023-07-24 04:44:00', '2023-07-24 04:44:00'),
	(812, 'Eligendi occaecati hic sunt officia molestias quo repudiandae neque.', 'Ms. Vivien Berge', '', '2023-07-24 04:44:00', '2023-07-24 04:44:00'),
	(813, 'Eos consectetur aspernatur explicabo expedita saepe facere.', 'Dr. Lavern Wintheiser', '', '2023-07-24 04:44:00', '2023-07-24 04:44:00'),
	(814, 'Odio et molestiae praesentium possimus magni deleniti.', 'Kevon Lesch', '', '2023-07-24 04:44:00', '2023-07-24 04:44:00'),
	(815, 'Veritatis a qui quae.', 'Mr. Ronny Gislason DVM', '', '2023-07-24 04:44:00', '2023-07-24 04:44:00'),
	(816, 'Ut nisi laborum natus a vero.', 'Andrew Cormier', '', '2023-07-24 04:44:00', '2023-07-24 04:44:00'),
	(817, 'Molestiae suscipit quia aut qui consequuntur officia quae.', 'Margarette Senger', '', '2023-07-24 04:44:00', '2023-07-24 04:44:00'),
	(818, 'Autem explicabo accusamus id neque praesentium sit nemo.', 'Ms. Tia Rohan', '', '2023-07-24 04:44:00', '2023-07-24 04:44:00'),
	(819, 'Repudiandae veritatis cumque quod.', 'Prof. Deangelo Spencer DVM', '', '2023-07-24 04:44:00', '2023-07-24 04:44:00'),
	(820, 'Sint non sunt delectus eos.', 'Jesus Veum', '', '2023-07-24 04:44:00', '2023-07-24 04:44:00'),
	(821, 'Sint atque quos voluptas et.', 'Gregoria Zemlak', '', '2023-07-24 04:44:00', '2023-07-24 04:44:00'),
	(822, 'Tempora ipsa sed aut architecto in.', 'Mrs. Lisa Davis V', '', '2023-07-24 04:44:00', '2023-07-24 04:44:00'),
	(823, 'Eum sint unde sint et totam.', 'Tad Mante', '', '2023-07-24 04:44:00', '2023-07-24 04:44:00'),
	(824, 'Et vel expedita illo necessitatibus ipsa iure nulla.', 'Ms. Shaina VonRueden', '', '2023-07-24 04:44:00', '2023-07-24 04:44:00'),
	(825, 'Dolores asperiores saepe quam consequatur unde voluptas quidem aspernatur.', 'Jameson Gorczany', '', '2023-07-24 04:44:00', '2023-07-24 04:44:00'),
	(826, 'Expedita consequatur reprehenderit eum qui sit.', 'Tina Thompson', '', '2023-07-24 04:44:00', '2023-07-24 04:44:00'),
	(827, 'Sunt illum culpa vero minus accusamus neque quia.', 'Mrs. Karli Mitchell V', '', '2023-07-24 04:44:00', '2023-07-24 04:44:00'),
	(828, 'Ipsum voluptatum sit quia.', 'Zander Hoppe', '', '2023-07-24 04:44:00', '2023-07-24 04:44:00'),
	(829, 'Delectus quis facere quaerat repudiandae consequatur enim dolores porro.', 'Mr. Matteo McGlynn Jr.', '', '2023-07-24 04:44:00', '2023-07-24 04:44:00'),
	(830, 'Et deserunt dolores tempore non ut.', 'Prof. Jewell Nikolaus Jr.', '', '2023-07-24 04:44:00', '2023-07-24 04:44:00'),
	(831, 'Quod dolores voluptatem eius voluptatem enim.', 'Dr. Anjali Will V', '', '2023-07-24 04:44:00', '2023-07-24 04:44:00'),
	(832, 'Et explicabo distinctio quisquam enim.', 'Payton Senger', '', '2023-07-24 04:44:00', '2023-07-24 04:44:00'),
	(833, 'Ipsum necessitatibus aut adipisci qui.', 'Sandrine Heidenreich', '', '2023-07-24 04:44:00', '2023-07-24 04:44:00'),
	(834, 'Neque deleniti nihil voluptas sint.', 'Miss Alice Kemmer V', '', '2023-07-24 04:44:00', '2023-07-24 04:44:00'),
	(835, 'Ut qui accusantium expedita excepturi harum molestiae.', 'Dereck Purdy', '', '2023-07-24 04:44:00', '2023-07-24 04:44:00'),
	(836, 'Unde sit blanditiis saepe molestiae dolor minima.', 'Ben Rempel', '', '2023-07-24 04:44:00', '2023-07-24 04:44:00'),
	(837, 'Qui architecto quia corporis facilis.', 'Anne Conn', '', '2023-07-24 04:44:00', '2023-07-24 04:44:00'),
	(838, 'Dolorum quis necessitatibus impedit iste quae harum.', 'Adah Altenwerth', '', '2023-07-24 04:44:00', '2023-07-24 04:44:00'),
	(839, 'Aut sint ea est est quam eaque aut.', 'Edwardo Vandervort', '', '2023-07-24 04:44:00', '2023-07-24 04:44:00'),
	(840, 'Nesciunt quia ratione optio dolor sapiente sit.', 'Mrs. Vanessa Kuhlman', '', '2023-07-24 04:44:00', '2023-07-24 04:44:00'),
	(841, 'Cumque in qui distinctio doloribus.', 'Miss Mariane West', '', '2023-07-24 04:44:00', '2023-07-24 04:44:00'),
	(842, 'Et et aut pariatur tenetur molestiae voluptatem.', 'Verlie Franecki', '', '2023-07-24 04:44:00', '2023-07-24 04:44:00'),
	(843, 'Unde sequi laboriosam eligendi tempore ut.', 'Wendell Ortiz', '', '2023-07-24 04:44:00', '2023-07-24 04:44:00'),
	(844, 'Nulla soluta qui error voluptatem at perferendis.', 'Dr. Sadye Johnston', '', '2023-07-24 04:44:00', '2023-07-24 04:44:00'),
	(845, 'Ad a nihil quidem minus.', 'Hiram Watsica', '', '2023-07-24 04:44:00', '2023-07-24 04:44:00'),
	(846, 'Pariatur voluptatibus repudiandae aliquam quibusdam qui numquam similique.', 'Mrs. Cordie Lueilwitz', '', '2023-07-24 04:44:00', '2023-07-24 04:44:00'),
	(847, 'Ex aut ipsam perferendis asperiores quo velit.', 'Tara Kovacek', '', '2023-07-24 04:44:00', '2023-07-24 04:44:00'),
	(848, 'Laboriosam qui quam voluptate explicabo.', 'Laury Hessel', '', '2023-07-24 04:44:00', '2023-07-24 04:44:00'),
	(849, 'Tempore qui numquam explicabo.', 'Velma Simonis', '', '2023-07-24 04:44:00', '2023-07-24 04:44:00'),
	(850, 'Asperiores iure debitis laboriosam in quae totam temporibus consequatur.', 'Faustino Prosacco', '', '2023-07-24 04:44:00', '2023-07-24 04:44:00'),
	(851, 'Et optio sequi unde enim inventore ducimus.', 'Abe Mohr', '', '2023-07-24 04:44:00', '2023-07-24 04:44:00'),
	(852, 'Magnam dicta maiores incidunt ducimus inventore.', 'Jeanette Farrell', '', '2023-07-24 04:44:00', '2023-07-24 04:44:00'),
	(853, 'Possimus eos facere ipsa molestiae ut facilis.', 'Jayme Rodriguez', '', '2023-07-24 04:44:00', '2023-07-24 04:44:00'),
	(854, 'Sed eaque animi iste dignissimos perspiciatis.', 'Ramiro Cassin', '', '2023-07-24 04:44:00', '2023-07-24 04:44:00'),
	(855, 'Velit sint inventore quibusdam numquam.', 'Armando Langworth', '', '2023-07-24 04:44:00', '2023-07-24 04:44:00'),
	(856, 'Illo totam et aliquid sit et cum cupiditate ut.', 'Kaylie Rolfson DDS', '', '2023-07-24 04:44:00', '2023-07-24 04:44:00'),
	(857, 'Et accusamus totam et quos modi.', 'Albina Hane DVM', '', '2023-07-24 04:44:00', '2023-07-24 04:44:00'),
	(858, 'Dignissimos similique omnis eos rerum maiores.', 'Mr. Mauricio Barrows', '', '2023-07-24 04:44:00', '2023-07-24 04:44:00'),
	(859, 'Et voluptatem ut accusantium placeat.', 'Mr. Loyal Feest', '', '2023-07-24 04:44:00', '2023-07-24 04:44:00'),
	(860, 'Quis laudantium blanditiis aperiam et mollitia quis.', 'Leif Jacobson', '', '2023-07-24 04:44:00', '2023-07-24 04:44:00'),
	(861, 'Placeat vitae aut magni veritatis.', 'Brett Bernhard', '', '2023-07-24 04:44:00', '2023-07-24 04:44:00'),
	(862, 'Enim deserunt cum nesciunt.', 'Mrs. Kailyn Hoppe', '', '2023-07-24 04:44:00', '2023-07-24 04:44:00'),
	(863, 'Fugiat est corporis ea est.', 'Miss Patricia Schultz', '', '2023-07-24 04:44:00', '2023-07-24 04:44:00'),
	(864, 'Ipsam alias pariatur illum ea officia at molestias.', 'Zion Lubowitz V', '', '2023-07-24 04:44:00', '2023-07-24 04:44:00'),
	(865, 'Ex quaerat consequatur molestiae labore sunt eum impedit.', 'Krystal Conn', '', '2023-07-24 04:44:00', '2023-07-24 04:44:00'),
	(866, 'Est ut expedita sunt nam.', 'Trace Wisoky', '', '2023-07-24 04:44:00', '2023-07-24 04:44:00'),
	(867, 'Quisquam qui delectus et delectus.', 'Adelbert Beier', '', '2023-07-24 04:44:01', '2023-07-24 04:44:01'),
	(868, 'Voluptates suscipit corrupti distinctio dolorum.', 'Estella Ernser', '', '2023-07-24 04:44:01', '2023-07-24 04:44:01'),
	(869, 'Porro temporibus beatae sed vel cupiditate temporibus nihil.', 'Khalid Schaden', '', '2023-07-24 04:44:01', '2023-07-24 04:44:01'),
	(870, 'Laborum nostrum reprehenderit harum.', 'Mr. Tillman Turcotte', '', '2023-07-24 04:44:01', '2023-07-24 04:44:01'),
	(871, 'Quos ut sed eaque ad itaque voluptatem sint.', 'Misael Schamberger', '', '2023-07-24 04:44:01', '2023-07-24 04:44:01'),
	(872, 'Laboriosam repellat quos et sapiente sit.', 'Mariah Predovic', '', '2023-07-24 04:44:01', '2023-07-24 04:44:01'),
	(873, 'Illum non assumenda dolorem temporibus ipsam.', 'Shany Kassulke', '', '2023-07-24 04:44:01', '2023-07-24 04:44:01'),
	(874, 'Optio quasi et eligendi consequatur molestiae autem sapiente ut.', 'Braden Lind', '', '2023-07-24 04:44:01', '2023-07-24 04:44:01'),
	(875, 'Modi autem voluptates dicta consequuntur sint voluptatum dicta.', 'Irwin Vandervort PhD', '', '2023-07-24 04:44:01', '2023-07-24 04:44:01'),
	(876, 'Repudiandae sint aspernatur suscipit dolore.', 'Spencer Aufderhar', '', '2023-07-24 04:44:01', '2023-07-24 04:44:01'),
	(877, 'Facilis quidem beatae voluptatum et.', 'Prof. Trinity Fahey', '', '2023-07-24 04:44:01', '2023-07-24 04:44:01'),
	(878, 'Quis est illo temporibus iure.', 'Ms. Bailee Powlowski', '', '2023-07-24 04:44:01', '2023-07-24 04:44:01'),
	(879, 'Natus rerum est veritatis quia.', 'Libby Yost', '', '2023-07-24 04:44:01', '2023-07-24 04:44:01'),
	(880, 'Asperiores totam iste et voluptatum sint.', 'Nakia Maggio', '', '2023-07-24 04:44:01', '2023-07-24 04:44:01'),
	(881, 'Assumenda fugiat quia sit ex quo sint doloremque.', 'Caden Gusikowski I', '', '2023-07-24 04:44:01', '2023-07-24 04:44:01'),
	(882, 'Velit fugit atque dolores nesciunt suscipit quia.', 'Reymundo Breitenberg DVM', '', '2023-07-24 04:44:01', '2023-07-24 04:44:01'),
	(883, 'Facere quae dignissimos quia saepe neque voluptate veniam.', 'Charlotte Green', '', '2023-07-24 04:44:01', '2023-07-24 04:44:01'),
	(884, 'Et consequatur ut at sed non perspiciatis.', 'Sheila Hirthe', '', '2023-07-24 04:44:01', '2023-07-24 04:44:01'),
	(885, 'Harum quas numquam ipsam provident necessitatibus.', 'Pearline Jast', '', '2023-07-24 04:44:01', '2023-07-24 04:44:01'),
	(886, 'Et alias officia commodi.', 'Olga Nader', '', '2023-07-24 04:44:01', '2023-07-24 04:44:01'),
	(887, 'Est dolor sit omnis qui quam.', 'Judge Barrows', '', '2023-07-24 04:44:01', '2023-07-24 04:44:01'),
	(888, 'Nam et iste delectus autem explicabo.', 'Marilyne Gleason', '', '2023-07-24 04:44:01', '2023-07-24 04:44:01'),
	(889, 'Aut hic occaecati animi omnis praesentium.', 'Miss Chaya Terry Sr.', '', '2023-07-24 04:44:01', '2023-07-24 04:44:01'),
	(890, 'Qui laboriosam voluptatem est est consectetur dolore.', 'Dr. Ashton Lemke', '', '2023-07-24 04:44:01', '2023-07-24 04:44:01'),
	(891, 'Sit architecto numquam ut et sit aut.', 'Prof. Reagan Koepp', '', '2023-07-24 04:44:01', '2023-07-24 04:44:01'),
	(892, 'Reiciendis nemo excepturi numquam facere similique sed et.', 'Keyon Waters', '', '2023-07-24 04:44:01', '2023-07-24 04:44:01'),
	(893, 'Libero repellat quia aut aliquam reiciendis.', 'Ahmed Torp', '', '2023-07-24 04:44:01', '2023-07-24 04:44:01'),
	(894, 'Ut nesciunt nisi omnis perferendis.', 'Antone Beer', '', '2023-07-24 04:44:01', '2023-07-24 04:44:01'),
	(895, 'Ut inventore dolores totam et laudantium quasi.', 'Michele Mitchell', '', '2023-07-24 04:44:01', '2023-07-24 04:44:01'),
	(896, 'Neque dolorem sed qui rerum et hic.', 'Gracie Larson', '', '2023-07-24 04:44:01', '2023-07-24 04:44:01'),
	(897, 'Aut culpa est ea esse repudiandae qui aliquam.', 'Prof. Ardella Kirlin', '', '2023-07-24 04:44:01', '2023-07-24 04:44:01'),
	(898, 'Illo quia cum doloremque.', 'Lesley Vandervort', '', '2023-07-24 04:44:01', '2023-07-24 04:44:01'),
	(899, 'Sit sit reprehenderit atque odit cupiditate exercitationem dolor.', 'Prof. Charles Goldner Sr.', '', '2023-07-24 04:44:01', '2023-07-24 04:44:01'),
	(900, 'Aut dignissimos at repellendus.', 'Mr. Waino Stroman V', '', '2023-07-24 04:44:01', '2023-07-24 04:44:01'),
	(901, 'Adipisci nisi similique nobis dolores nam.', 'Terence Ernser II', '', '2023-07-24 04:44:01', '2023-07-24 04:44:01'),
	(902, 'Reiciendis nihil aut iusto facilis.', 'Jerrold Willms Jr.', '', '2023-07-24 04:44:01', '2023-07-24 04:44:01'),
	(903, 'Assumenda ipsam qui et et aut distinctio.', 'Stefan Runte', '', '2023-07-24 04:44:01', '2023-07-24 04:44:01'),
	(904, 'Modi aut iusto aperiam.', 'Lilian Bernier', '', '2023-07-24 04:44:01', '2023-07-24 04:44:01'),
	(905, 'Et voluptas et sit praesentium esse deserunt exercitationem.', 'Jacinthe Mills', '', '2023-07-24 04:44:01', '2023-07-24 04:44:01'),
	(906, 'Debitis voluptas iusto magnam eos aut debitis harum eaque.', 'Diamond Schimmel', '', '2023-07-24 04:44:01', '2023-07-24 04:44:01'),
	(907, 'Qui dicta velit consectetur et tempore in.', 'Gavin Christiansen', '', '2023-07-24 04:44:01', '2023-07-24 04:44:01'),
	(908, 'Doloremque tempore consequatur eum esse autem ut consequatur.', 'Cade Mitchell III', '', '2023-07-24 04:44:01', '2023-07-24 04:44:01'),
	(909, 'Facere voluptate voluptas voluptatem sequi in.', 'Aniya Gerhold Jr.', '', '2023-07-24 04:44:01', '2023-07-24 04:44:01'),
	(910, 'Ea voluptate numquam mollitia ipsum voluptatum placeat placeat quisquam.', 'Gerardo Stroman', '', '2023-07-24 04:44:01', '2023-07-24 04:44:01'),
	(911, 'Libero repellendus dolor qui.', 'Dr. Maria Block', '', '2023-07-24 04:44:01', '2023-07-24 04:44:01'),
	(912, 'Laboriosam aperiam veniam iste id natus quo quia.', 'Jamarcus Collier', '', '2023-07-24 04:44:01', '2023-07-24 04:44:01'),
	(913, 'Quia vel cumque deserunt culpa.', 'Asha Kling', '', '2023-07-24 04:44:01', '2023-07-24 04:44:01'),
	(914, 'Rerum voluptatum quam aut nam sint aliquam quia.', 'Dario Hegmann', '', '2023-07-24 04:44:01', '2023-07-24 04:44:01'),
	(915, 'Qui assumenda esse at consequatur omnis.', 'Loy Koelpin', '', '2023-07-24 04:44:01', '2023-07-24 04:44:01'),
	(916, 'Labore amet atque quis facilis ut error.', 'Dr. June Sanford', '', '2023-07-24 04:44:01', '2023-07-24 04:44:01'),
	(917, 'Et molestiae et quis dignissimos.', 'Kenneth Spinka', '', '2023-07-24 04:44:01', '2023-07-24 04:44:01'),
	(918, 'Nemo qui sunt maxime sit ut est voluptatem necessitatibus.', 'Kailyn Durgan', '', '2023-07-24 04:44:01', '2023-07-24 04:44:01'),
	(919, 'Unde nostrum delectus libero quis nesciunt sint laborum.', 'Lydia Oberbrunner', '', '2023-07-24 04:44:01', '2023-07-24 04:44:01'),
	(920, 'Aut quibusdam qui tempore et.', 'Kamille Blanda I', '', '2023-07-24 04:44:01', '2023-07-24 04:44:01'),
	(921, 'Corporis nostrum laudantium in modi vitae voluptate tempora.', 'Vern Stark I', '', '2023-07-24 04:44:01', '2023-07-24 04:44:01'),
	(922, 'Et est laudantium maiores vitae repudiandae minus.', 'Rickey Hegmann', '', '2023-07-24 04:44:01', '2023-07-24 04:44:01'),
	(923, 'Eveniet labore facilis fugiat fugiat.', 'Conrad Ledner', '', '2023-07-24 04:44:01', '2023-07-24 04:44:01'),
	(924, 'Non fuga consequuntur voluptate repudiandae officia accusamus placeat.', 'Dayne Frami', '', '2023-07-24 04:44:01', '2023-07-24 04:44:01'),
	(925, 'Maxime odit vero et placeat in autem vitae vel.', 'Dr. Opal Littel', '', '2023-07-24 04:44:01', '2023-07-24 04:44:01'),
	(926, 'Sequi voluptatem perspiciatis quis qui debitis dolor et.', 'Dr. Conor Gutkowski PhD', '', '2023-07-24 04:44:01', '2023-07-24 04:44:01'),
	(927, 'Ducimus delectus aliquid aliquam fugiat et.', 'Orin Daugherty', '', '2023-07-24 04:44:01', '2023-07-24 04:44:01'),
	(928, 'Est totam impedit sit autem id.', 'Frederic Goyette Jr.', '', '2023-07-24 04:44:01', '2023-07-24 04:44:01'),
	(929, 'Sunt sequi nostrum quasi sed nulla natus.', 'Prof. Brycen Beer Sr.', '', '2023-07-24 04:44:01', '2023-07-24 04:44:01'),
	(930, 'Eos aut qui labore modi corrupti eaque.', 'Patsy Kunze', '', '2023-07-24 04:44:01', '2023-07-24 04:44:01'),
	(931, 'Aliquid facere temporibus quisquam aliquid vel pariatur.', 'May Purdy IV', '', '2023-07-24 04:44:01', '2023-07-24 04:44:01'),
	(932, 'Occaecati mollitia error asperiores aut voluptatem.', 'Susan Bradtke', '', '2023-07-24 04:44:01', '2023-07-24 04:44:01'),
	(933, 'Inventore eum minus repellat recusandae recusandae.', 'Dr. Nakia Rolfson', '', '2023-07-24 04:44:01', '2023-07-24 04:44:01'),
	(934, 'Ex esse consequatur quaerat labore.', 'Mrs. Scarlett Adams IV', '', '2023-07-24 04:44:01', '2023-07-24 04:44:01'),
	(935, 'Cumque est quam molestias delectus tenetur ducimus necessitatibus.', 'Laurianne Roob II', '', '2023-07-24 04:44:01', '2023-07-24 04:44:01'),
	(936, 'Eligendi quo suscipit et optio incidunt.', 'Keaton Smith', '', '2023-07-24 04:44:01', '2023-07-24 04:44:01'),
	(937, 'Ex tempora totam labore eos est ea.', 'Hugh Herzog', '', '2023-07-24 04:44:01', '2023-07-24 04:44:01'),
	(938, 'Necessitatibus aspernatur sapiente minus eos.', 'Ms. Ellie Vandervort IV', '', '2023-07-24 04:44:01', '2023-07-24 04:44:01'),
	(939, 'Velit et voluptatem dolor nihil earum.', 'Miss Beatrice Donnelly Sr.', '', '2023-07-24 04:44:01', '2023-07-24 04:44:01'),
	(940, 'Praesentium sed accusantium sed modi voluptatem enim.', 'Abigail Pouros', '', '2023-07-24 04:44:01', '2023-07-24 04:44:01'),
	(941, 'Totam ea aut pariatur consequatur eaque nulla.', 'Alisa Bednar III', '', '2023-07-24 04:44:01', '2023-07-24 04:44:01'),
	(942, 'Nesciunt alias dolores dolore praesentium a autem animi.', 'Dan Glover', '', '2023-07-24 04:44:01', '2023-07-24 04:44:01'),
	(943, 'Iure ad error corrupti numquam minus harum cumque.', 'Gerry Kling', '', '2023-07-24 04:44:01', '2023-07-24 04:44:01'),
	(944, 'Labore doloremque culpa unde officia quis voluptas aspernatur maiores.', 'Sigrid Kling DDS', '', '2023-07-24 04:44:01', '2023-07-24 04:44:01'),
	(945, 'Voluptatem sequi veniam maiores natus iusto.', 'Mrs. Kiara Corwin', '', '2023-07-24 04:44:01', '2023-07-24 04:44:01'),
	(946, 'Sit eveniet est sunt laborum nesciunt quos.', 'Prof. Carlo Hyatt', '', '2023-07-24 04:44:01', '2023-07-24 04:44:01'),
	(947, 'Officiis nihil in ipsum veritatis cumque.', 'Dorcas Gislason', '', '2023-07-24 04:44:01', '2023-07-24 04:44:01'),
	(948, 'Et veniam dignissimos accusantium in.', 'Tatum Mann', '', '2023-07-24 04:44:01', '2023-07-24 04:44:01'),
	(949, 'Voluptas ut autem hic dolor est.', 'Prof. Florian Bahringer', '', '2023-07-24 04:44:01', '2023-07-24 04:44:01'),
	(950, 'Architecto voluptates quo maxime iusto.', 'Kamryn Jaskolski', '', '2023-07-24 04:44:01', '2023-07-24 04:44:01'),
	(951, 'Nam ipsum animi dolore et cupiditate vel.', 'Nathaniel Dibbert', '', '2023-07-24 04:44:01', '2023-07-24 04:44:01'),
	(952, 'Fugiat fugiat error ut cum voluptatum voluptas consequuntur.', 'Prof. Darrion Waters', '', '2023-07-24 04:44:01', '2023-07-24 04:44:01'),
	(953, 'Quisquam velit similique rerum quas sint quam quam.', 'Muhammad Upton', '', '2023-07-24 04:44:01', '2023-07-24 04:44:01'),
	(954, 'Eligendi neque doloribus pariatur.', 'Dr. Broderick Champlin', '', '2023-07-24 04:44:01', '2023-07-24 04:44:01'),
	(955, 'Facilis qui qui sint reiciendis consequatur.', 'Ephraim Kessler', '', '2023-07-24 04:44:01', '2023-07-24 04:44:01'),
	(956, 'Deleniti eveniet ut voluptatem.', 'Stacy Koepp', '', '2023-07-24 04:44:01', '2023-07-24 04:44:01'),
	(957, 'Atque repellendus et et animi est tempore.', 'Betty Weber', '', '2023-07-24 04:44:01', '2023-07-24 04:44:01'),
	(958, 'Minus perspiciatis aut rem quam.', 'Charley Ernser', '', '2023-07-24 04:44:01', '2023-07-24 04:44:01'),
	(959, 'Voluptatem voluptas adipisci et eveniet ut temporibus.', 'Kassandra Considine', '', '2023-07-24 04:44:01', '2023-07-24 04:44:01'),
	(960, 'Voluptatibus iure cumque dolor minus doloremque est voluptas.', 'Ms. Ima Bednar I', '', '2023-07-24 04:44:01', '2023-07-24 04:44:01'),
	(961, 'Sunt cum qui aut nulla et sequi velit.', 'Matilde Price', '', '2023-07-24 04:44:01', '2023-07-24 04:44:01'),
	(962, 'Voluptatem adipisci iusto ut incidunt cumque.', 'Harry Russel', '', '2023-07-24 04:44:01', '2023-07-24 04:44:01'),
	(963, 'Aut consectetur sit est officia aut nulla ut.', 'Jefferey Stokes', '', '2023-07-24 04:44:01', '2023-07-24 04:44:01'),
	(964, 'Et sed deserunt explicabo impedit consequuntur.', 'Devon Nitzsche', '', '2023-07-24 04:44:01', '2023-07-24 04:44:01'),
	(965, 'Soluta quam ea omnis suscipit ipsam magni.', 'Dayana Ankunding', '', '2023-07-24 04:44:01', '2023-07-24 04:44:01'),
	(966, 'Dicta officia vel non quis.', 'Ms. Karolann Rogahn Jr.', '', '2023-07-24 04:44:01', '2023-07-24 04:44:01'),
	(967, 'Sit autem assumenda laborum.', 'Franz Fadel', '', '2023-07-24 04:44:01', '2023-07-24 04:44:01'),
	(968, 'Molestias ea fugiat repudiandae autem non consequuntur deserunt.', 'Dr. Cooper Weber PhD', '', '2023-07-24 04:44:01', '2023-07-24 04:44:01'),
	(969, 'Qui non officia minima consectetur assumenda aliquam.', 'Miss Maureen Davis', '', '2023-07-24 04:44:01', '2023-07-24 04:44:01'),
	(970, 'A ipsum eum voluptatibus eligendi voluptatem maiores.', 'Prof. Zack Beatty', '', '2023-07-24 04:44:01', '2023-07-24 04:44:01'),
	(971, 'Neque incidunt corporis laudantium voluptate.', 'Golda O\'Connell', '', '2023-07-24 04:44:01', '2023-07-24 04:44:01'),
	(972, 'Totam amet totam sapiente sed consequatur non.', 'Christiana Mann', '', '2023-07-24 04:44:01', '2023-07-24 04:44:01'),
	(973, 'Sunt molestiae aliquam delectus aut aut eaque.', 'Amber Bergnaum', '', '2023-07-24 04:44:01', '2023-07-24 04:44:01'),
	(974, 'Eaque aperiam corrupti odit adipisci placeat fugiat quis.', 'Ms. Giovanna Langworth', '', '2023-07-24 04:44:01', '2023-07-24 04:44:01'),
	(975, 'Repellat blanditiis vero sit dicta.', 'Leslie Frami', '', '2023-07-24 04:44:01', '2023-07-24 04:44:01'),
	(976, 'Voluptatem accusamus sunt magni.', 'Lloyd Senger', '', '2023-07-24 04:44:01', '2023-07-24 04:44:01'),
	(977, 'Est rerum eius magnam dolor officiis.', 'Angelina Heidenreich', '', '2023-07-24 04:44:01', '2023-07-24 04:44:01'),
	(978, 'Sunt eaque officia eveniet id et quia.', 'Prof. Roger Ratke IV', '', '2023-07-24 04:44:01', '2023-07-24 04:44:01'),
	(979, 'Ipsa ea eum voluptatem ut ut asperiores.', 'Myrtie Hand', '', '2023-07-24 04:44:01', '2023-07-24 04:44:01'),
	(980, 'Repudiandae quis ab et rerum hic.', 'Hank Bahringer', '', '2023-07-24 04:44:01', '2023-07-24 04:44:01'),
	(981, 'Corrupti laborum quia dolorem.', 'Trystan Sanford', '', '2023-07-24 04:44:01', '2023-07-24 04:44:01'),
	(982, 'Est molestiae repellat adipisci nihil.', 'Lorna Marvin', '', '2023-07-24 04:44:01', '2023-07-24 04:44:01'),
	(983, 'Possimus tempore non minus odio voluptas.', 'Rey Dooley', '', '2023-07-24 04:44:01', '2023-07-24 04:44:01'),
	(984, 'Ea id voluptatem illum blanditiis sunt cum aliquid.', 'Odessa Bogisich', '', '2023-07-24 04:44:01', '2023-07-24 04:44:01'),
	(985, 'Sed rerum mollitia animi.', 'Domenic Weber', '', '2023-07-24 04:44:01', '2023-07-24 04:44:01'),
	(986, 'Deserunt est ipsa in omnis delectus accusamus rerum.', 'Dr. Mae Blick II', '', '2023-07-24 04:44:01', '2023-07-24 04:44:01'),
	(987, 'Placeat asperiores facere ea rerum nam.', 'Audrey Muller', '', '2023-07-24 04:44:01', '2023-07-24 04:44:01'),
	(988, 'Nisi accusantium hic ad nobis expedita.', 'Alexandria Reynolds', '', '2023-07-24 04:44:01', '2023-07-24 04:44:01'),
	(989, 'Ipsum quibusdam deleniti quia est.', 'Shyann Abernathy', '', '2023-07-24 04:44:01', '2023-07-24 04:44:01'),
	(990, 'Enim sint asperiores distinctio rem illo.', 'Nova Crist', '', '2023-07-24 04:44:01', '2023-07-24 04:44:01'),
	(991, 'Quam odio est nihil commodi vero harum.', 'Emily Skiles', '', '2023-07-24 04:44:01', '2023-07-24 04:44:01'),
	(992, 'Accusamus rerum nobis et et cumque ullam officiis dolore.', 'Dr. Erin Stark MD', '', '2023-07-24 04:44:01', '2023-07-24 04:44:01'),
	(993, 'Sed minima aspernatur nihil.', 'Darren Keebler', '', '2023-07-24 04:44:01', '2023-07-24 04:44:01'),
	(994, 'Eos suscipit architecto enim amet aut voluptatem.', 'Dr. Audra Corkery PhD', '', '2023-07-24 04:44:01', '2023-07-24 04:44:01'),
	(995, 'Voluptatem cupiditate voluptates numquam sint quibusdam.', 'Savanna Ritchie', '', '2023-07-24 04:44:01', '2023-07-24 04:44:01'),
	(996, 'Eligendi fugit ipsum perspiciatis voluptas voluptates.', 'Emiliano Windler', '', '2023-07-24 04:44:01', '2023-07-24 04:44:01'),
	(997, 'In ipsa labore vitae deserunt quibusdam vero dolores.', 'Giuseppe Kertzmann', '', '2023-07-24 04:44:01', '2023-07-24 04:44:01'),
	(998, 'Repellat non iste sed qui quae itaque.', 'Louie Hilpert IV', '', '2023-07-24 04:44:01', '2023-07-24 04:44:01'),
	(999, 'Et natus rerum vitae quod vero voluptatum quam.', 'Zoey Weber', '', '2023-07-24 04:44:01', '2023-07-24 04:44:01'),
	(1000, 'Placeat quia earum voluptates sed aspernatur reiciendis et.', 'Sadie Morissette', '', '2023-07-24 04:44:01', '2023-07-24 04:44:01'),
	(1001, 'Title 01', 'Author 01', NULL, '2023-07-28 03:12:14', '2023-07-28 03:12:14'),
	(1002, 'Title 02', 'Author 02', NULL, '2023-07-28 03:19:30', '2023-07-28 03:19:30');

-- Struktúra mentése tábla hq. failed_jobs
DROP TABLE IF EXISTS `failed_jobs`;
CREATE TABLE IF NOT EXISTS `failed_jobs` (
  `id` bigint unsigned NOT NULL AUTO_INCREMENT,
  `uuid` varchar(191) NOT NULL,
  `connection` text NOT NULL,
  `queue` text NOT NULL,
  `payload` longtext NOT NULL,
  `exception` longtext NOT NULL,
  `failed_at` timestamp NOT NULL DEFAULT CURRENT_TIMESTAMP,
  PRIMARY KEY (`id`),
  UNIQUE KEY `failed_jobs_uuid_unique` (`uuid`)
) ENGINE=InnoDB DEFAULT CHARSET=utf8mb3;

-- Tábla adatainak mentése hq.failed_jobs: ~0 rows (hozzávetőleg)

-- Struktúra mentése tábla hq. migrations
DROP TABLE IF EXISTS `migrations`;
CREATE TABLE IF NOT EXISTS `migrations` (
  `id` int unsigned NOT NULL AUTO_INCREMENT,
  `migration` varchar(191) NOT NULL,
  `batch` int NOT NULL,
  PRIMARY KEY (`id`)
) ENGINE=InnoDB AUTO_INCREMENT=25 DEFAULT CHARSET=utf8mb3;

-- Tábla adatainak mentése hq.migrations: ~24 rows (hozzávetőleg)
REPLACE INTO `migrations` (`id`, `migration`, `batch`) VALUES
	(1, '2014_10_12_000000_create_users_table', 1),
	(2, '2014_10_12_100000_create_password_reset_tokens_table', 1),
	(3, '2014_10_12_200000_add_two_factor_columns_to_users_table', 1),
	(4, '2019_08_19_000000_create_failed_jobs_table', 1),
	(5, '2019_12_14_000001_create_personal_access_tokens_table', 1),
	(6, '2023_07_15_132328_create_sessions_table', 1),
	(7, '2023_07_15_132607_create_books_table', 1),
	(8, '2023_07_24_051857_create_permission_tables', 1),
	(9, '2023_07_24_055355_create_posts_table', 1),
	(10, '2023_08_21_053452_create_books_table', 0),
	(11, '2023_08_21_053452_create_failed_jobs_table', 0),
	(12, '2023_08_21_053452_create_model_has_permissions_table', 0),
	(13, '2023_08_21_053452_create_model_has_roles_table', 0),
	(14, '2023_08_21_053452_create_password_reset_tokens_table', 0),
	(15, '2023_08_21_053452_create_permissions_table', 0),
	(16, '2023_08_21_053452_create_personal_access_tokens_table', 0),
	(17, '2023_08_21_053452_create_posts_table', 0),
	(18, '2023_08_21_053452_create_role_has_permissions_table', 0),
	(19, '2023_08_21_053452_create_roles_table', 0),
	(20, '2023_08_21_053452_create_sessions_table', 0),
	(21, '2023_08_21_053452_create_users_table', 0),
	(22, '2023_08_21_053455_add_foreign_keys_to_model_has_permissions_table', 0),
	(23, '2023_08_21_053455_add_foreign_keys_to_model_has_roles_table', 0),
	(24, '2023_08_21_053455_add_foreign_keys_to_role_has_permissions_table', 0);

-- Struktúra mentése tábla hq. model_has_permissions
DROP TABLE IF EXISTS `model_has_permissions`;
CREATE TABLE IF NOT EXISTS `model_has_permissions` (
  `permission_id` bigint unsigned NOT NULL,
  `model_type` varchar(191) NOT NULL,
  `model_id` bigint unsigned NOT NULL,
  PRIMARY KEY (`permission_id`,`model_id`,`model_type`),
  KEY `model_has_permissions_model_id_model_type_index` (`model_id`,`model_type`),
  CONSTRAINT `model_has_permissions_permission_id_foreign` FOREIGN KEY (`permission_id`) REFERENCES `permissions` (`id`) ON DELETE CASCADE
) ENGINE=InnoDB DEFAULT CHARSET=utf8mb3;

-- Tábla adatainak mentése hq.model_has_permissions: ~0 rows (hozzávetőleg)

-- Struktúra mentése tábla hq. model_has_roles
DROP TABLE IF EXISTS `model_has_roles`;
CREATE TABLE IF NOT EXISTS `model_has_roles` (
  `role_id` bigint unsigned NOT NULL,
  `model_type` varchar(191) NOT NULL,
  `model_id` bigint unsigned NOT NULL,
  PRIMARY KEY (`role_id`,`model_id`,`model_type`),
  KEY `model_has_roles_model_id_model_type_index` (`model_id`,`model_type`),
  CONSTRAINT `model_has_roles_role_id_foreign` FOREIGN KEY (`role_id`) REFERENCES `roles` (`id`) ON DELETE CASCADE
) ENGINE=InnoDB DEFAULT CHARSET=utf8mb3;

-- Tábla adatainak mentése hq.model_has_roles: ~3 rows (hozzávetőleg)
REPLACE INTO `model_has_roles` (`role_id`, `model_type`, `model_id`) VALUES
	(3, 'App\\Models\\User', 2),
	(2, 'App\\Models\\User', 3),
	(1, 'App\\Models\\User', 4);

-- Struktúra mentése tábla hq. password_reset_tokens
DROP TABLE IF EXISTS `password_reset_tokens`;
CREATE TABLE IF NOT EXISTS `password_reset_tokens` (
  `email` varchar(191) NOT NULL,
  `token` varchar(191) NOT NULL,
  `created_at` timestamp NULL DEFAULT NULL,
  PRIMARY KEY (`email`)
) ENGINE=InnoDB DEFAULT CHARSET=utf8mb3;

-- Tábla adatainak mentése hq.password_reset_tokens: ~0 rows (hozzávetőleg)

-- Struktúra mentése tábla hq. permissions
DROP TABLE IF EXISTS `permissions`;
CREATE TABLE IF NOT EXISTS `permissions` (
  `id` bigint unsigned NOT NULL AUTO_INCREMENT,
  `name` varchar(191) NOT NULL,
  `guard_name` varchar(191) NOT NULL,
  `created_at` timestamp NULL DEFAULT NULL,
  `updated_at` timestamp NULL DEFAULT NULL,
  PRIMARY KEY (`id`),
  UNIQUE KEY `permissions_name_guard_name_unique` (`name`,`guard_name`)
) ENGINE=InnoDB AUTO_INCREMENT=17 DEFAULT CHARSET=utf8mb3;

-- Tábla adatainak mentése hq.permissions: ~16 rows (hozzávetőleg)
REPLACE INTO `permissions` (`id`, `name`, `guard_name`, `created_at`, `updated_at`) VALUES
	(1, 'permission list', 'web', '2023-07-24 04:44:02', '2023-07-24 04:44:02'),
	(2, 'permission create', 'web', '2023-07-24 04:44:02', '2023-07-24 04:44:02'),
	(3, 'permission edit', 'web', '2023-07-24 04:44:02', '2023-07-24 04:44:02'),
	(4, 'permission delete', 'web', '2023-07-24 04:44:02', '2023-07-24 04:44:02'),
	(5, 'role list', 'web', '2023-07-24 04:44:02', '2023-07-24 04:44:02'),
	(6, 'role create', 'web', '2023-07-24 04:44:02', '2023-07-24 04:44:02'),
	(7, 'role edit', 'web', '2023-07-24 04:44:02', '2023-07-24 04:44:02'),
	(8, 'role delete', 'web', '2023-07-24 04:44:02', '2023-07-24 04:44:02'),
	(9, 'user list', 'web', '2023-07-24 04:44:02', '2023-07-24 04:44:02'),
	(10, 'user create', 'web', '2023-07-24 04:44:02', '2023-07-24 04:44:02'),
	(11, 'user edit', 'web', '2023-07-24 04:44:02', '2023-07-24 04:44:02'),
	(12, 'user delete', 'web', '2023-07-24 04:44:02', '2023-07-24 04:44:02'),
	(13, 'post list', 'web', '2023-07-24 04:44:02', '2023-07-24 04:44:02'),
	(14, 'post create', 'web', '2023-07-24 04:44:03', '2023-07-24 04:44:03'),
	(15, 'post edit', 'web', '2023-07-24 04:44:03', '2023-07-24 04:44:03'),
	(16, 'post delete', 'web', '2023-07-24 04:44:03', '2023-07-24 04:44:03');

-- Struktúra mentése tábla hq. personal_access_tokens
DROP TABLE IF EXISTS `personal_access_tokens`;
CREATE TABLE IF NOT EXISTS `personal_access_tokens` (
  `id` bigint unsigned NOT NULL AUTO_INCREMENT,
  `tokenable_type` varchar(191) NOT NULL,
  `tokenable_id` bigint unsigned NOT NULL,
  `name` varchar(191) NOT NULL,
  `token` varchar(64) NOT NULL,
  `abilities` text,
  `last_used_at` timestamp NULL DEFAULT NULL,
  `expires_at` timestamp NULL DEFAULT NULL,
  `created_at` timestamp NULL DEFAULT NULL,
  `updated_at` timestamp NULL DEFAULT NULL,
  PRIMARY KEY (`id`),
  UNIQUE KEY `personal_access_tokens_token_unique` (`token`),
  KEY `personal_access_tokens_tokenable_type_tokenable_id_index` (`tokenable_type`,`tokenable_id`)
) ENGINE=InnoDB DEFAULT CHARSET=utf8mb3;

-- Tábla adatainak mentése hq.personal_access_tokens: ~0 rows (hozzávetőleg)

-- Struktúra mentése tábla hq. posts
DROP TABLE IF EXISTS `posts`;
CREATE TABLE IF NOT EXISTS `posts` (
  `id` bigint unsigned NOT NULL AUTO_INCREMENT,
  `title` varchar(191) NOT NULL,
  `description` longtext NOT NULL,
  `created_at` timestamp NULL DEFAULT NULL,
  `updated_at` timestamp NULL DEFAULT NULL,
  `deleted_at` timestamp NULL DEFAULT NULL,
  PRIMARY KEY (`id`)
) ENGINE=InnoDB AUTO_INCREMENT=11 DEFAULT CHARSET=utf8mb3;

-- Tábla adatainak mentése hq.posts: ~10 rows (hozzávetőleg)
REPLACE INTO `posts` (`id`, `title`, `description`, `created_at`, `updated_at`) VALUES
	(1, 'Tenetur at sint ratione.', 'Labore et eos nesciunt aspernatur nostrum. Accusamus minus qui aperiam nostrum. Ut illum est cum. Illo a id eius voluptas provident eligendi.', NULL, NULL),
	(2, 'Ad ducimus placeat qui beatae asperiores.', 'Placeat et temporibus occaecati possimus. Deserunt hic vel est.', NULL, NULL),
	(3, 'Nihil odit distinctio harum reprehenderit nihil.', 'Consequuntur ut est consequatur aut voluptas error aut. Sed ut reiciendis similique unde iste perspiciatis. Vel molestiae architecto non porro quibusdam commodi.', NULL, NULL),
	(4, 'Accusantium odio ea dolorum minima.', 'Dicta sint est in sed quaerat animi. Facere voluptates beatae repellat numquam dolores ullam. Cupiditate est libero doloremque ut dolores. Consectetur voluptatum dolore odio.', NULL, NULL),
	(5, 'Quasi eius ipsum alias eos.', 'Non tenetur nobis est dolore dicta nostrum. Sunt quia esse sunt. Qui ea assumenda dolores.', NULL, NULL),
	(6, 'Fugit nihil dolores ut dolor sequi dolorum.', 'Laborum at non ab doloribus repellendus hic sit. Quasi accusamus qui totam et omnis quo. Perferendis incidunt accusamus deleniti voluptatibus consectetur accusantium sint eaque.', NULL, NULL),
	(7, 'Atque aut incidunt porro voluptatibus mollitia.', 'Numquam rerum placeat cumque ut ratione odio deserunt. Est mollitia optio praesentium quos sint necessitatibus optio incidunt. Nobis quisquam vero ipsam repellendus molestiae nihil.', NULL, NULL),
	(8, 'Atque deserunt sit sed.', 'Expedita quia minus tempora eligendi sint. Eum nam beatae provident voluptas. In rem laboriosam quos odit perspiciatis nobis non. Aut repudiandae eum ab quam omnis. Non ut est natus et tempore.', NULL, NULL),
	(9, 'Qui porro qui qui maiores qui quisquam.', 'Mollitia et blanditiis voluptatem. Enim quaerat accusamus rerum alias repellat deleniti dolorum. Velit eveniet perferendis omnis amet laudantium magnam iure. Autem dolorum corporis nihil similique.', NULL, NULL),
	(10, 'Quod voluptas iure corporis expedita unde.', 'Sint sit ipsum non quidem est quaerat est. Debitis ut doloremque quis aut. Deserunt molestias animi mollitia. Voluptate expedita veritatis rerum reiciendis et eum dolores nulla.', NULL, NULL);

-- Struktúra mentése tábla hq. roles
DROP TABLE IF EXISTS `roles`;
CREATE TABLE IF NOT EXISTS `roles` (
  `id` bigint unsigned NOT NULL AUTO_INCREMENT,
  `name` varchar(191) NOT NULL,
  `guard_name` varchar(191) NOT NULL,
  `created_at` timestamp NULL DEFAULT NULL,
  `updated_at` timestamp NULL DEFAULT NULL,
  PRIMARY KEY (`id`),
  UNIQUE KEY `roles_name_guard_name_unique` (`name`,`guard_name`)
) ENGINE=InnoDB AUTO_INCREMENT=4 DEFAULT CHARSET=utf8mb3;

-- Tábla adatainak mentése hq.roles: ~3 rows (hozzávetőleg)
REPLACE INTO `roles` (`id`, `name`, `guard_name`, `created_at`, `updated_at`) VALUES
	(1, 'writer', 'web', '2023-07-24 04:44:03', '2023-07-24 04:44:03'),
	(2, 'admin', 'web', '2023-07-24 04:44:03', '2023-07-24 04:44:03'),
	(3, 'super-admin', 'web', '2023-07-24 04:44:06', '2023-07-24 04:44:06');

-- Struktúra mentése tábla hq. role_has_permissions
DROP TABLE IF EXISTS `role_has_permissions`;
CREATE TABLE IF NOT EXISTS `role_has_permissions` (
  `permission_id` bigint unsigned NOT NULL,
  `role_id` bigint unsigned NOT NULL,
  PRIMARY KEY (`permission_id`,`role_id`),
  KEY `role_has_permissions_role_id_foreign` (`role_id`),
  CONSTRAINT `role_has_permissions_permission_id_foreign` FOREIGN KEY (`permission_id`) REFERENCES `permissions` (`id`) ON DELETE CASCADE,
  CONSTRAINT `role_has_permissions_role_id_foreign` FOREIGN KEY (`role_id`) REFERENCES `roles` (`id`) ON DELETE CASCADE
) ENGINE=InnoDB DEFAULT CHARSET=utf8mb3;

-- Tábla adatainak mentése hq.role_has_permissions: ~23 rows (hozzávetőleg)
REPLACE INTO `role_has_permissions` (`permission_id`, `role_id`) VALUES
	(1, 1),
	(5, 1),
	(9, 1),
	(13, 1),
	(14, 1),
	(15, 1),
	(16, 1),
	(1, 2),
	(2, 2),
	(3, 2),
	(4, 2),
	(5, 2),
	(6, 2),
	(7, 2),
	(8, 2),
	(9, 2),
	(10, 2),
	(11, 2),
	(12, 2),
	(13, 2),
	(14, 2),
	(15, 2),
	(16, 2);

-- Struktúra mentése tábla hq. sessions
DROP TABLE IF EXISTS `sessions`;
CREATE TABLE IF NOT EXISTS `sessions` (
  `id` varchar(191) NOT NULL,
  `user_id` bigint unsigned DEFAULT NULL,
  `ip_address` varchar(45) DEFAULT NULL,
  `user_agent` text,
  `payload` longtext NOT NULL,
  `last_activity` int NOT NULL,
  PRIMARY KEY (`id`),
  KEY `sessions_user_id_index` (`user_id`),
  KEY `sessions_last_activity_index` (`last_activity`)
) ENGINE=InnoDB DEFAULT CHARSET=utf8mb3;

-- Tábla adatainak mentése hq.sessions: ~1 rows (hozzávetőleg)
REPLACE INTO `sessions` (`id`, `user_id`, `ip_address`, `user_agent`, `payload`, `last_activity`) VALUES
	('PwVcHnSu5nWGUT8oqoJBvDspp2UfZqncv63pSxbd', 2, '127.0.0.1', 'Mozilla/5.0 (Windows NT 10.0; Win64; x64) AppleWebKit/537.36 (KHTML, like Gecko) Chrome/115.0.0.0 Safari/537.36 Edg/115.0.1901.203', 'YTo1OntzOjY6Il90b2tlbiI7czo0MDoiMFlKTGh6eFlwelNjV0RNUlcyUEpJV1lUaERza1lZNlhFSGxtaGdwMiI7czo5OiJfcHJldmlvdXMiO2E6MTp7czozOiJ1cmwiO3M6MzI6Imh0dHA6Ly9sb2NhbGhvc3Q6ODAwMC9hZG1pbi9yb2xlIjt9czo2OiJfZmxhc2giO2E6Mjp7czozOiJvbGQiO2E6MDp7fXM6MzoibmV3IjthOjA6e319czo1MDoibG9naW5fd2ViXzU5YmEzNmFkZGMyYjJmOTQwMTU4MGYwMTRjN2Y1OGVhNGUzMDk4OWQiO2k6MjtzOjIxOiJwYXNzd29yZF9oYXNoX3NhbmN0dW0iO3M6NjA6IiQyeSQxMCQ5MklYVU5wa2pPMHJPUTVieU1pLlllNG9Lb0VhM1JvOWxsQy8ub2cvYXQyLnVoZVdHL2lnaSI7fQ==', 1691993808);

-- Struktúra mentése tábla hq. users
DROP TABLE IF EXISTS `users`;
CREATE TABLE IF NOT EXISTS `users` (
  `id` bigint unsigned NOT NULL AUTO_INCREMENT,
  `name` varchar(191) NOT NULL,
  `email` varchar(191) NOT NULL,
  `email_verified_at` timestamp NULL DEFAULT NULL,
  `password` varchar(191) NOT NULL,
  `two_factor_secret` text,
  `two_factor_recovery_codes` text,
  `two_factor_confirmed_at` timestamp NULL DEFAULT NULL,
  `remember_token` varchar(100) DEFAULT NULL,
  `current_team_id` bigint unsigned DEFAULT NULL,
  `profile_photo_path` varchar(2048) DEFAULT NULL,
  `created_at` timestamp NULL DEFAULT NULL,
  `updated_at` timestamp NULL DEFAULT NULL,
  `deleted_at` timestamp NULL DEFAULT NULL,
  PRIMARY KEY (`id`),
  UNIQUE KEY `users_email_unique` (`email`)
) ENGINE=InnoDB AUTO_INCREMENT=5 DEFAULT CHARSET=utf8mb3;

-- Tábla adatainak mentése hq.users: ~4 rows (hozzávetőleg)
REPLACE INTO `users` (`id`, `name`, `email`, `email_verified_at`, `password`, `two_factor_secret`, `two_factor_recovery_codes`, `two_factor_confirmed_at`, `remember_token`, `current_team_id`, `profile_photo_path`, `created_at`, `updated_at`) VALUES
	(1, 'Admin', 'admin@admin.com', '2023-07-24 04:44:01', '$2y$10$92IXUNpkjO0rOQ5byMi.Ye4oKoEa3Ro9llC/.og/at2.uheWG/igi', NULL, NULL, NULL, 'xyn6Y4VtYPOCp5vN2pLiLFuigTfs9WqEQO3wOa7hTzvHtWNEoxP2UceEexqs', NULL, NULL, '2023-07-24 04:44:01', '2023-07-24 04:44:01'),
	(2, 'Super Admin', 'superadmin@laraveltuts.com', '2023-07-24 04:44:06', '$2y$10$92IXUNpkjO0rOQ5byMi.Ye4oKoEa3Ro9llC/.og/at2.uheWG/igi', NULL, NULL, NULL, '8KpXfx3C8x0NZHcrZNIuInJDY6rvmkW1bFxLrof3V8Kl846S62yLSzzGFwcF', NULL, NULL, '2023-07-24 04:44:06', '2023-07-24 04:44:06'),
	(3, 'Admin User', 'admin@laraveltuts.com', '2023-07-24 04:44:06', '$2y$10$92IXUNpkjO0rOQ5byMi.Ye4oKoEa3Ro9llC/.og/at2.uheWG/igi', NULL, NULL, NULL, 'v3vUZO6M9imas5JlinwvH13SAL5HnQ0XO88MOE4gDLpTvIpHl3KdsaoEcXNn', NULL, NULL, '2023-07-24 04:44:06', '2023-07-24 04:44:06'),
	(4, 'Example User', 'test@laraveltuts.com', '2023-07-24 04:44:06', '$2y$10$92IXUNpkjO0rOQ5byMi.Ye4oKoEa3Ro9llC/.og/at2.uheWG/igi', NULL, NULL, NULL, 'XmsIyKi1xON5mwSvBHkAHcVRn2FQq8hMgYZb3HX0yU5Tm7ar4790WkRmpWuy', NULL, NULL, '2023-07-24 04:44:06', '2023-07-24 04:44:06');

/*!40103 SET TIME_ZONE=IFNULL(@OLD_TIME_ZONE, 'system') */;
/*!40101 SET SQL_MODE=IFNULL(@OLD_SQL_MODE, '') */;
/*!40014 SET FOREIGN_KEY_CHECKS=IFNULL(@OLD_FOREIGN_KEY_CHECKS, 1) */;
/*!40101 SET CHARACTER_SET_CLIENT=@OLD_CHARACTER_SET_CLIENT */;
/*!40111 SET SQL_NOTES=IFNULL(@OLD_SQL_NOTES, 1) */;
